"id","name","weight"
1,"Alpha",263
2,"Athenea",125
3,"Caminos. Revista Quincenal de Letras",31
4,"Claridad: revista semanal",283
5,"Cvltura. Revista mensual",114
6,"Cyrano",110
7,"Cántico",13
8,"El Montañés",68
9,"El Repertorio. Revista Mensual Ilustrada",79
10,"Hispania",273
11,"Hojas de Poesía",15
12,"La Bohemia Alegre",32
13,"La Buena Lectura",173
14,"La Escuela Literaria. Publicación mensual",16
15,"La Golondrina. Hoja literaria y de variedades",41
16,"La Gruta",82
17,"La Revista",152
18,"Lectura Amena",150
19,"Lectura y Arte",84
20,"Panida",68
21,"Revista Contemporánea",40
22,"Revista Contemporánea. Publicación mensual",69
23,"Revista Femenina",111
24,"Revista Gris",115
25,"Revista Literaria. Publicación Mensual",229
26,"Revista Moderna. (Enciclopedia colombiana)",140
27,"Sábado Revista Semanal",542
28,"Trofeos",94
29,"A.",1
30,"A. A. J.",1
31,"A. de M.",1
32,"A. G.",1
33,"A. H.",3
34,"A. Z.",1
35,"Abad",3
36,"Abella-Nouvrac, Louis",4
37,"Abella Mendoza, Temístocles",8
38,"Acab Ibisabizurri, Miguel",1
39,"Acebal, Francisco",2
40,"Acevedo Bernal, Ricardo",3
41,"Acevedo, Arturo",1
42,"Acevedo, Graciliano",1
43,"Acosta de Samper, Soledad",4
44,"Acosta y Bello, José Agustín",1
45,"Acosta, Javier",16
46,"Adiante, Tomás",1
47,"Agudelo Mejía, Rosa",1
48,"Agudelo, Gilberto",6
49,"Agudelo, Gregorio",6
50,"Agudelo, Miguel",1
51,"Agudelo, Rafael",1
52,"Aguilera Herrera, Benjamín",4
53,"Aguirre, Carlos Arturo",3
54,"Agustín",1
55,"Aimayaga, Juan de",1
56,"Alarcón, Pedro Antonio de",3
57,"Alas, Leopoldo",3
58,"Alba Barrenechea, Antonio",1
59,"Alba, E.",1
60,"Albalat, Antoine",2
61,"Alberdi, Juan Bautista",1
62,"Albert, Caterina",1
63,"Alcalá Galiano, José",1
64,"Alcántara Jurado, Francisco",1
65,"Alemán, Mateo",1
66,"Alexis Rostand, Edmond Eugène",2
67,"Aliatar, Alí-Ben",13
68,"Allais, Alphonse",2
69,"Altamira, Rafael",7
70,"Altenberg, Peter",5
71,"Altomare, Libero",1
72,"Álvarez Bonilla, Enrique",2
73,"Álvarez C., Manuel J.",1
74,"Álvarez del Vayo, Julio",1
75,"Álvarez Lleras, Antonio",1
76,"Álvarez Quintero, Joaquín",5
77,"Álvarez Quintero, Serafín",5
78,"Álvarez R., Lisandro",22
79,"Álvarez Ríos, María",5
80,"Álvarez, Antonio",8
81,"Álvarez, Bernardo",1
82,"Alzate B., Delio",1
83,"Alzate Noreña, Luis",12
84,"Amaru",4
85,"Amaya, Euquerio",2
86,"Americus",2
87,"Amézaga, Carlos Germán",1
88,"Amicis, Edmondo de",4
89,"Amiel, Henri-Frédéric",1
90,"Ancízar, Roberto",2
91,"Anderson Morúa, Luis",1
92,"Andrade Coello, Alejandro",1
93,"Andrade Marín, Francisco",2
94,"Andrade, José Arturo",3
95,"Andreev, Leonid Nikolaevich",2
96,"Andreis, Fernando de",2
97,"Ángel Montoya, Alberto",1
98,"Ángel, Juan E.",1
99,"Angell, George Thorndike",1
100,"Angulo J., Enriqueta",4
101,"Angulo Peláez, Ligia",3
102,"Antoine",2
103,"Antommarchi de Rojas, Dorila",2
104,"Aparicio, Alberto",1
105,"Aponte, E.",1
106,"Aragonés, Eutiquio",1
107,"Aramburo Restrepo, Gabriel",2
108,"Arango Echeverri, Alcides",5
109,"Arango Ferrer, Javier",6
110,"Arango Jaramillo, Adelfa",11
111,"Arango Lalinde, Rafael",1
112,"Arango M., Miguel",1
113,"Arango Mejía, Gabriel",4
114,"Arango Mejía, Juan Bautista",2
115,"Arango Ochoa, Eduardo",1
116,"Arango R., José Manuel",3
117,"Arango, Jorge Luis",1
118,"Arango, Olga",1
119,"Arango, Pedro C.",2
120,"Araquistáin, Luis",21
121,"Arboleda, Arturo",1
122,"Arbós y Góngora",4
123,"Arce, Julio César",9
124,"Archer, William",1
125,"Arcila, Aníbal",1
126,"Arciniegas, Germán",6
127,"Arciniegas, Ismael Enrique",13
128,"Arenal, Concepción",2
129,"Arguedas Díaz, Alcides",3
130,"Arias Argáez, Daniel",2
131,"Armas, Rafael de",1
132,"Arnault, Antoine-Vincent",1
133,"Arrieta, Rafael Alberto",1
134,"Arriola de Bezoita, Jesús",1
135,"Arroyal, León de",1
136,"Arteaga, Cristina de",1
137,"Arturo, Aurelio",13
138,"Asbjørnsen, Peter Christen",1
139,"Atehortua, Abelardo",4
140,"Ateneo de Buenos Aires",1
141,"Attías, Maximiliano",1
142,"Aurora",1
143,"Avalos Torrens, Pedro",1
144,"Ávila, Alfonso María de",2
145,"Aza, Vital",1
146,"Azurdia, José",2
147,"B.",1
148,"B. Isaza",18
149,"B. M.",6
150,"Bacon, Francis",1
151,"Badel Martínez, Dimas José",3
152,"Baena, Fernando E.",2
153,"Bagaría Bou, Luis",5
154,"Bahr, Hermann",1
155,"Bai, Li",1
156,"Balaguer i Cirera, Víctor",1
157,"Balart, Federico",5
158,"Balbin de Unquera, Antonio",2
159,"Balla, Giacomo",1
160,"Ballvé, Faustino",16
161,"Balseiro, José Agustín",1
162,"Baralt, Rafael María",1
163,"Baraya, Antonio",1
164,"Barbier, Auguste",1
165,"Barco, Jesús María",1
166,"Bardina Castarà, Joan",1
167,"Baring, Maurice",2
168,"Barón de Franzenstein",1
169,"Barón, Felipe",2
170,"Barrau, Théophile",1
171,"Barrenechea, Julio",16
172,"Barrera Parra, Jaime",1
173,"Barrera Vargas, Camilo",1
174,"Barrera, Carlos",1
175,"Barrès, Maurice",4
176,"Barreto, José María",1
177,"Barrett, John",1
178,"Barrett, Rafael",1
179,"Barrientos Conto, A.",2
180,"Barriga Páez, Julio",1
181,"Barriga S., R. Alberto",1
182,"Bárros, José A.",1
183,"Bartrina, Joaquín María",1
184,"Barzini, Luigi",1
185,"Basto, Carlos María",1
186,"Bataille, Henry",1
187,"Baty, Th.",2
188,"Batzojaun",1
189,"Baudelaire, Charles",2
190,"Bayona Posada, Jorge",5
191,"Bayona Posada, Nicolás",1
192,"Bazin, René",1
193,"Beaunier, André",1
194,"Beceridge, Hugh",1
195,"Becerra C., Amanda",1
196,"Becerra, Ricardo",1
197,"Becher, Johannes Robert",4
198,"Bécquer, Gustavo Adolfo",3
199,"Bedout, C. de",1
200,"Bel, León",4
201,"Bellaigue, Camile",1
202,"Bello, Andrés",1
203,"Belloc, Hilaire",1
204,"Bellom, Maurice M.",1
205,"Benavente, Jacinto",8
206,"Benet y Castellón, Eduardo",4
207,"Bengoechea, Alfredo de",4
208,"Bengoechea, Hernán de",1
209,"Berger, Eric",1
210,"Bermejo, Luis",1
211,"Bernad, Julio",1
212,"Bernal Jiménez, Rafael",1
213,"Bernal, Luis",23
214,"Bernárdez, Francisco Luis",9
215,"Berrío París, Julio",1
216,"Berthoud, Eugène",1
217,"Bértis, Juan",1
218,"Bertot, Jean",1
219,"Betancourt T., Olga",1
220,"Betancourt V., Pedro P.",1
221,"Betancourt Villegas, Félix",12
222,"Betancourt, José Luis",13
223,"Betancourt, Julio",1
224,"Betancourt, Pedro Pablo",4
225,"Betancourt, Rómulo",1
226,"Betancur Arango, Carlos",1
227,"Betancur, Cayetano",1
228,"Beyle, Henri",1
229,"Biart, Lucien",1
230,"Bilac, Olavo",2
231,"Biroteau, César",1
232,"Bissière, Roger",1
233,"Bizancio, Luis de",1
234,"Blaine, James G.",1
235,"Blanc, Charles",1
236,"Blanco Asenjo, Ricardo",1
237,"Blanco Belmonte, Marcos Rafael",1
238,"Blanco Fombona, Horacio",3
239,"Blanco Fombona, Rufino",19
240,"Blanco Múzquiz, Miguel",1
241,"Blanco White, José María",1
242,"Blanco y Sánchez, Rufino",3
243,"Blanco, Alfredo",1
244,"Blanco, Eduardo",4
245,"Blanco, Héctor",1
246,"Blanco, Ignacio",3
247,"Blanco, Julio Enrique",1
248,"Blanmoco Beletón, M. R.",1
249,"Blasco Ibáñez, Vicente",3
250,"Blasco, Eusebio",1
251,"Blatz, William Emet",1
252,"Blomberg, Héctor Pedro",1
253,"Bobadilla, Emilio",3
254,"Boccioni, Umberto",1
255,"Bocquet, León",1
256,"Boëx, Joseph-Henry-Honoré",1
257,"Boëx, Séraphin-Justin-François",1
258,"Böhl de Faber y Ruiz de Larrea, Cecilia",1
259,"Boixet i Castells, Ezequiel",1
260,"Bolce, William Harold",1
261,"Bolet Peraza, Nicanor",3
262,"Bolet, Julio C.",1
263,"Bolívar, Simón",5
264,"Bonafoux y Quintero, Luis Tulio",6
265,"Bonilla y San Martín, Adolfo",2
266,"Bonilla, Gustavo",1
267,"Bonilla, J.",3
268,"Bonilla, Manuel Antonio",2
269,"Bonis, J. M.",1
270,"Bonnard, Abel",1
271,"Bonnard, Sylvestre",2
272,"Borda Tanco, Augusto",1
273,"Borda, Francisco de Paula",1
274,"Borda, José C.",3
275,"Borda, José Joaquín",2
276,"Bordeaux, Henry",2
277,"Bossa Herazo, Donaldo",1
278,"Bossa Navarro, Simón",1
279,"Botero de Molina, Tila",4
280,"Botero Echeverri, Manuel",3
281,"Botero García, Emiro",1
282,"Botero Guerra, Camilo",8
283,"Botero I., Darío",1
284,"Botero Isaza, Horacio",4
285,"Botero Jiménez, Alberto",1
286,"Botero M., David",2
287,"Botero Ruiz, Juan José",14
288,"Botero Saldarriaga, Roberto",5
289,"Botero, Abel",3
290,"Botero, Francisco",21
291,"Botero, Rafael",3
292,"Bouet, Carlos",1
293,"Bouhours, FL.",1
294,"Bouret, Alonso",1
295,"Bourget, Paul",6
296,"Bracamonte, Ginés de",1
297,"Bravo Duarte, Maruca",3
298,"Bravo Márquez, Ricardo",2
299,"Bravo Nicholls, Rita",1
300,"Bravo, Amadeo",1
301,"Bravo, Juan de Dios",1
302,"Breen, M.",1
303,"Brettes, Joseph de",4
304,"Briand, Aristide",1
305,"Briceño, Magota",1
306,"Briceño, Manuel",2
307,"Brisay, Henry de",2
308,"Brito, Aníbal",2
309,"Brooks, Adam",1
310,"Brossa, Jaime",3
311,"Brull, Mariano",1
312,"Bueno, Manuel",1
313,"Bunau-Varilla, Philippe",1
314,"Bunker, George C.",1
315,"Burgos Vega, Carlos",1
316,"Burgos, Juan de",1
317,"Burgos, Rafael",1
318,"Burns, Robert",1
319,"Burton, Francis",1
320,"Bustamante, Francisco de",1
321,"Butler Loomis, Francis",1
322,"Buzzi, Paolo",1
323,"Byron, George Gordon",2
324,"C.",2
325,"C. G. A.",1
326,"C. M.",1
327,"C. M. A.",1
328,"C. R. M de I.",1
329,"Caballero, Lucas",1
330,"Cabello de Carbonera, Mercedes",2
331,"Cabo, Ignacio",1
332,"Cabrera, Raimundo",1
333,"Cadavid Restrepo, Tomás",9
334,"Cadavid Uribe, Alfonso",3
335,"Cadavid Uribe, Lorenzo",1
336,"Cadenas, José Juan",1
337,"Caicedo Rojas, José",5
338,"Calcaño, Eduardo",2
339,"Calcaño, José Antonio",3
340,"Calcaño, Julio",4
341,"Caldas, Francisco José de",1
342,"Calderón de la Barca, Pedro",1
343,"Calderón, Luis Eduardo",2
344,"Calderón, Tomás",1
345,"Calle, Benjamín de la",21
346,"Calle, Miguel María",1
347,"Calvo, Luis Antonio",1
348,"Camacho Ramírez, Arturo",5
349,"Camacho Roldán, Miguel",1
350,"Camacho Roldán, Salvador",3
351,"Camacho, Fabio",1
352,"Camacho, Martín",1
353,"Camín, Alfonso",1
354,"Campbell, Patrick",3
355,"Campillo M., Ricardo",1
356,"Campo, Álvaro del",1
357,"Campo, Carlos del",1
358,"Campo, Diego Martín del",1
359,"Campoamor, Ramón de",7
360,"Campuzano S., F. Luis",1
361,"Canals y Vilaró, Salvador ",1
362,"Cancio Tobón, Juan",3
363,"Canizales, José David",3
364,"Cano Gutiérrez, Fidel",25
365,"Cano Isaza, F.",1
366,"Cano Villegas, Gabriel",4
367,"Cano, Albán",2
368,"Cano, Antonio José",40
369,"Cano, Francisco Antonio",65
370,"Cano, Luis",16
371,"Cano, María",20
372,"Cantillo, Liborio D.",1
373,"Cantó Vilaplana, Gonzalo",1
374,"Cañas, Juan José",1
375,"Cañete, Manuel",1
376,"Caparroso, Carlos Arturo",1
377,"Capitán Feyler",1
378,"Capuana, Luigi",1
379,"Capus, Rafael",1
380,"Carbonell, Diego",1
381,"Carbonell, Gonzalo",1
382,"Cárdenas de Molina, Ana",1
383,"Cárdenas Roa, María",1
384,"Cárdenas, Bernardino",1
385,"Cardona Santa, Francisco",2
386,"Carducci, Giosuè",13
387,"Carlo, Adelia di",1
388,"Carlyle, Thomas",1
389,"Carner, Josep",1
390,"Carnot, F.",1
391,"Caro, José Eusebio",17
392,"Caro, Luis Alejandro",1
393,"Caro, Miguel Antonio",11
394,"Caro, Víctor Eduardo",2
395,"Carrà, Carlo",1
396,"Carranza, Adolfo Pedro",1
397,"Carranza, Eduardo",9
398,"Carrasquilla Botero, Juan",1
399,"Carrasquilla L., Juan de Dios",4
400,"Carrasquilla Mallarino, Eduardo",1
401,"Carrasquilla, Rafael María",1
402,"Carrasquilla, Ricardo",1
403,"Carrasquilla, Tomás",39
404,"Carreño, Pedro M.",1
405,"Carrere Moreno, Emilio",4
406,"Carretero Novillo, José María",1
407,"Carricarte, Arturo R. de",1
408,"Carriego, Evaristo",3
409,"Carrieri, Giuseppe",1
410,"Carrillo, Alfonso",1
411,"Carrillo, Enrique A.",5
412,"Carrión, J. R.",1
413,"Carrión, Luis",2
414,"Caruso, Enrico",2
415,"Carvajal Borrero, Mario",16
416,"Carvajal Quintero, Filiberto",8
417,"Carvajal, Alberto",6
418,"Carvajal, Manuel Antonio",17
419,"Carvajal, Mario",4
420,"Casal, Julián del",2
421,"Casandra",1
422,"Casas Castañeda, José Joaquín",4
423,"Casas Castañeda, Vicente",1
424,"Casas, Pablo I.",1
425,"Castanier, Prosper",1
426,"Castañeda Aragón, Gregorio",13
427,"Castañeda, Manuelito",1
428,"Castañeda, Tobías",1
429,"Castelar, Emilio",4
430,"Castell, Ángel María",1
431,"Castello, Carlos",4
432,"Castello, Manuel",1
433,"Castellón, José",3
434,"Castilla Baena, Clodomiro",1
435,"Castillo y Guevara, Francisca Josefa de la Concepción del",1
436,"Castillo, Eduardo",8
437,"Castillo, Gustavo del",1
438,"Castillo, José Vicente",1
439,"Castoldi, María",1
440,"Castro Leal, Antonio",1
441,"Castro y Serrano, José de",1
442,"Castro, Alfonso",51
443,"Castro, Cristóbal de",1
444,"Castro, Eugenio de",12
445,"Castro, Gabriel",2
446,"Castro, Rosalía de",2
447,"Catalina, Severo",1
448,"Catarineu, Ricardo José",1
449,"Catón, Pio",3
450,"Cavacchioli, Enrico",1
451,"Cavia, Pilar de",2
452,"Ceballos Quintana, Enrique",2
453,"Ceballos Uribe, Bernardo",7
454,"Cervantes Saavedra, Miguel de",1
455,"Cervantes, Edmundo",1
456,"Cervantes, Próspero",1
457,"Cervera, Manuel",4
458,"Céspedes, Ángel María",6
459,"Cestero, Tulio Manuel",3
460,"Chalarca, Antoño",1
461,"Champeau, Edmond",1
462,"Chantal, Susana",1
463,"Charry Lara, Fernando",11
464,"Charton, Ernest",1
465,"Chaumeix, André",1
466,"Chaux, Simón",1
467,"Chavarriaga R., Emiro A.",1
468,"Chaves Cuervo, Humberto",6
469,"Chaves, Francisco",1
470,"Chaves, J.R.",1
471,"Chávez Franco, Ignacio",1
472,"Chejov, Anton Pavlovich",1
473,"Chen, Jitong",1
474,"Chénier, André",1
475,"Chocano, José Santos",5
476,"Cifuentes R., Manuel",1
477,"Cifuentes, Santos",1
478,"Cigarron",1
479,"Clapiers, Luc de",1
480,"Clara María",4
481,"Claretie, Jules",4
482,"Claretie, Léo",1
483,"Claussen, Sophus",1
484,"Clavijo Durán, Antonio",1
485,"Cobos, N.",1
486,"Cobos, Tristán",1
487,"Cock Arango, Alfredo",2
488,"Cock Quevedo, Lucía",1
489,"Cognetti, Leonardo M.",2
490,"Colama y Galcerán, Juan de",1
491,"Colín, Eduardo",2
492,"Coll, Pedro Emilio",4
493,"Collante de Tapia, Lola",1
494,"Collas, Louis-Charles",1
495,"Colmo, Alfredo",4
496,"Cólogan y Cólogan, Bernardo Jacinto de",1
497,"Coloma, Luis",2
498,"Colombia, Congreso de",2
499,"Colombiano",1
500,"Colorado, Vicente",1
501,"Comert, Marguerite",1
502,"Condal, Gustavo",1
503,"Consuegra, Manuel S.",1
504,"Conte, Juan B.",1
505,"Contreras Daza, Antonio J.",3
506,"Contreras Daza, Elvira",3
507,"Contreras Valenzuela, Francisco",1
508,"Contreras, Francisco",1
509,"Contreras, Luis Eladio",1
510,"Cooke, John Esten",1
511,"Coppée, François",7
512,"Coradine, Alberto",2
513,"Córdova Muñoz, José María",1
514,"Cordovez Moure, José María",4
515,"Corela, Hugo",5
516,"Coromina, Antonio",1
517,"Corral, Jesús M. del",6
518,"Corral, Luis del",1
519,"Corral, M. Antonio del",1
520,"Corral, Rafael del",2
521,"Corrales, Nora",4
522,"Correa",2
523,"Correa Arango, Iván",1
524,"Correa J., Bernardo",1
525,"Correa V., Eduardo",1
526,"Correa, Domingo",1
527,"Correa, E. A.",1
528,"Correa, F.",8
529,"Correa, Fidel",3
530,"Correa, Luis F.",3
531,"Correa, Ramón",4
532,"Cortadillo",1
533,"Cortázar, Roberto",1
534,"Cortés R., Jorge",1
535,"Cortés, Narciso Alonso",1
536,"Covarrubias, Manuel",2
537,"Creppi, C. E.",1
538,"Creta, Ruy de",1
539,"Creus, E. S.",2
540,"Cromer, Lord",2
541,"Crooy, Amédée",2
542,"Cruz, Efraím de la",2
543,"Cruz, Jorge de la",9
544,"Cruz, Jorge E.",1
545,"Cruz, Juana Inés de la",1
546,"Cruz, Mario de la",1
547,"Cuartas V., Aníbal",1
548,"Cuéllar Durán, Zoilo",1
549,"Cuervo Márquez, Carlos",6
550,"Cuervo Márquez, Emilio",248
551,"Cuervo, Luis Augusto",4
552,"Cuervo, Rufino José",5
553,"Cuesta B., Víctor de la",1
554,"Cunninghame Graham, Robert Bontie",21
555,"D'Annunzio, Gabriele",21
556,"D'Avenel, Vizconde",1
557,"D'Enjoÿ, Paul",1
558,"D'Hervilly, Ernest",1
559,"D'Orleans, Luis",1
560,"D'Ors, Eugenio",13
561,"D.",5
562,"D’Sola, Juan",1
563,"Dahlgren, E. N.",1
564,"Darío, Rubén",20
565,"Daubney, William Heaford",1
566,"Daudet, Alphonse",8
567,"Dávila Florez, Manuel",1
568,"Dávila, Alfonso",5
569,"Davray, Henry-D.",1
570,"De Kay, John Wesley",1
571,"Dearmer, Geofrey",1
572,"Dekker, Eduard Douwes",2
573,"Delegación de Colombia en la Conferencia Internacional de la Paz en La Haya en 1907",1
574,"Delgado, Jorge E.",4
575,"Delgado, Juan B.",1
576,"Delgado, Julio E.",1
577,"Deschanel, Paul Eugène Louis",1
578,"Deslys, Charles",3
579,"Desroix, Jacques",1
580,"Déubel, Leon",1
581,"Dias",2
582,"Díaz de Escobar, Narciso",1
583,"Díaz del Castillo, Ildefonso",1
584,"Díaz Guerra, Alirio",1
585,"Díaz Mirón, Salvador",1
586,"Díaz Rodríguez, Manuel",2
587,"Díaz Romero, Eugenio",3
588,"Díaz, Gerardo",1
589,"Díaz, Leopoldo",6
590,"Díaz, Luis",1
591,"Díaz, Pedro Pablo",1
592,"Díaz, Ruy",1
593,"Dicenta, Joaquín",9
594,"Dickinson, Goldsworthy Lowes",1
595,"Díez Canedo, Enrique",3
596,"Díez Canedo, Manuel",1
597,"Díez Ll., Berta",1
598,"Diuribía, Marcel",1
599,"Doctor Stockmann",3
600,"Domingo Siete",2
601,"Dominici, Pedro César",5
602,"Don Hilario",1
603,"Don Sincero",1
604,"Don Tancredo",2
605,"Donado, Rafael Ángel",1
606,"Donato Navarro, Manuel",2
607,"Doria, Dora",1
608,"Dorn y de Alsúa, Enrique",1
609,"Dos Passos, John",1
610,"Douglas, James",4
611,"Drago, Luis María",3
612,"Dumas, Joël",1
613,"Dunsany, Edward John Moreton Drax Plunkett",4
614,"Duperly, Oscar",15
615,"Dupin de Dudevant, Amantine-Aurore-Lucile",1
616,"Duque Bernal, Augusto",18
617,"Duque Bernal, Mario",2
618,"Duque Estrada, Gilberto",11
619,"Duque Uribe, Rafael",15
620,"Duque, Antonio de J.",25
621,"Duque, C.",1
622,"Duque, Hernando",3
623,"Duque, Vicente",3
624,"Dvaipayana, Rechi-krishma",1
625,"Dwinger, Edwin Erich",1
626,"Dymón",1
627,"E. y J.",1
628,"E.R.",1
629,"E.V.",1
630,"Eastman Calderón, Haydeé",1
631,"Eastman, María",3
632,"Eastman, Tomás Oziel",4
633,"Eça de Queirós, José Maria",5
634,"Echagüe, Francisco",1
635,"Echavarría Vélez, Liborio",1
636,"Echavarría, J.",2
637,"Echegaray, José",1
638,"Echegorri, P.",1
639,"Echeverri Abad, Luis Guillermo",2
640,"Echeverri Duque, Jesús",1
641,"Echeverri, Camilo Antonio",16
642,"Echeverría, Eduardo",4
643,"Echeverría, Marcelino",2
644,"EDOS",1
645,"Edwards Mac-clure, Agustín",1
646,"Efe y Jota",3
647,"El Domingo (periódico)",1
648,"El Liberal (Madrid)",1
649,"El Lissauer",1
650,"El Mercurio de Barcelona",1
651,"El Paje Azul",1
652,"El Señor X",1
653,"El suscrito",1
654,"El Tiempo",1
655,"Eliot, Thomas Stearns",1
656,"English Review",1
657,"Epstein, Jean",1
658,"Escallón M., Carlos",1
659,"Escallón, Rafael",1
660,"Escobar G., Arturo",1
661,"Escobar Isaza, Roberto",1
662,"Escobar Larrazábal, Melitón",11
663,"Escobar Padilla, Cenón",1
664,"Escobar Pino, Roberto",6
665,"Escobar R., Eusebio",1
666,"Escobar Roa, Rafael",2
667,"Escobar Rojas, Alfredo",3
668,"Escobar Rojo, Severo",5
669,"Escobar Sarmiento, Ricardo",3
670,"Escobar, Camilo Arturo",4
671,"Escobar, Felipe S.",1
672,"Escobar, Francisco",1
673,"Escobar, Lázaro",1
674,"Escobar, Mario",3
675,"Escobar, Pedro Ignacio",7
676,"Escobar, Samuel",3
677,"Escovar Gaviria, Gonzalo",13
678,"Escovar, José María",8
679,"Esguerra Ortiz, Joaquín",1
680,"Esguerra, Manuel",2
681,"Esguerra, Nicolás",1
682,"Esopo",3
683,"Esparbès, Georges d'",1
684,"Espartaco",2
685,"Espino, Miguel Ángel",1
686,"Espinosa",1
687,"Espinosa Guzmán, Rafael",34
688,"Espinosa, Roberto",1
689,"Esquivel Obregón, Toribio",1
690,"Esse-Hernández, Alfonso",2
691,"Estévez, José Mouriño",1
692,"Estrada Paniagua, Felipe",1
693,"Euse Sánchez, Arturo",9
694,"Eusse Sánchez, Arturo",1
695,"Ever",1
696,"Ewers, Hanns Heinz",1
697,"F. B.",6
698,"F. de la Barra",1
699,"F. R. San Pedro",1
700,"F.R.V.",1
701,"Fabio",1
702,"Fábrega, Pedro",1
703,"Facio Lince, José María",2
704,"Facio, Justo A.",3
705,"Faguet, Émile",2
706,"Fajardo, Avelino",1
707,"Fallón, Diego",2
708,"Fanny",1
709,"Farrington, Robert M.",1
710,"Fastenrath, Johannes",2
711,"Fátima",4
712,"Febres Cordero, Tulio",4
713,"Fernández Amador, Juan",1
714,"Fernández Avendaño, Enrique Wenceslao",20
715,"Fernández Botero, Eduardo",3
716,"Fernández Bremón, José",3
717,"Fernández Flórez, Wenceslao",1
718,"Fernández García, Alejandro",7
719,"Fernández Grilo, Antonio",3
720,"Fernández Guardia, Ricardo",1
721,"Fernández Morales, Juanita",5
722,"Fernández Ríos, Ovidio",1
723,"Fernández Villegas, Francisco",1
724,"Fernández, Juan B.",1
725,"Fernández, Luis",1
726,"Fernández, Manuel María",2
727,"Fernández, Rafael César",1
728,"Ferragut, Jean",1
729,"Ferrari, Emilio",1
730,"Ferrer Escobar, Jesús",8
731,"Ferrer L., Eduardo",1
732,"Ferrer, Jesús",4
733,"Ferrer, Marco A.",2
734,"Ferrero, Guglielmo",2
735,"Fervier, Luis",3
736,"Feuillet, Octave",2
737,"Féval, Paul",2
738,"Filisteo",1
739,"Finlayson, Clarence",1
740,"Fischer, Léopold de",7
741,"Fitzmaurice-Kelly, James",2
742,"Flaubert, Gustave",1
743,"Fletcher Espinosa, Georgina",3
744,"Fleuriot-Kerinou, Francis",1
745,"Flores Bermúdez, R.",2
746,"Flórez Álvarez, Ester",3
747,"Flórez Fernandez, Paz",1
748,"Flórez Galindo, Federico",1
749,"Flórez, Julio",23
750,"Flórez, Nicolás",4
751,"Foleÿ, Charles",1
752,"Folgore, Luciano",1
753,"Folleett Jameson, Helen",1
754,"Forero, Guillermo",2
755,"Forest, Louis",1
756,"Forge, E. de",1
757,"Fornaguera, Miguel",1
758,"Fort, Paul",16
759,"Fouan-Dabeaux, Robert",1
760,"Fourrière, Eugène",2
761,"Fradique",7
762,"France, Anatole",3
763,"Francés, José",1
764,"Francisco Bruno",1
765,"Francisco, Julio de",8
766,"Francisco, Ricardo de",1
767,"Franco, Enrique",1
768,"Franco, Horacio",42
769,"Frau Marsal, Lorenzo",5
770,"Frederic, Harold",1
771,"Frontaura, Carlos",1
772,"Fry, Edward",1
773,"Fuentes, Ángel",1
774,"Fuentes, Eduardo",1
775,"Fx. B.",1
776,"G.",1
777,"G. A.",1
778,"G. de. B.",1
779,"G. E. C.",1
780,"G. M.",1
781,"G. M. S.",1
782,"G. P. T.",3
783,"Gabriac, Alexis de",1
784,"Gabriel y Galán, José María",1
785,"Gaitán O., Gustavo",4
786,"Galán, Julio",1
787,"Galindo, Aníbal",1
788,"Galindo, Beatriz",1
789,"Galindo, Marco Aurelio",1
790,"Gallego, Romualdo",14
791,"Gallegos, Rómulo",2
792,"Gallegos, Salvador",1
793,"Gálvez Barrenechea, José",1
794,"Gálvez, Manuel",1
795,"Gamboa, Francisco Antonio",1
796,"Gamboa, Isaías",1
797,"Gamboa, Mateo",2
798,"Gamoneda, Erasmo",2
799,"Ganivet, Ángel",1
800,"Garavito Armero, Julio",2
801,"Garay Díaz, Narciso",1
802,"Garay, Epifanio",4
803,"Garcés, Enrique",3
804,"Garcés, Leopoldo",2
805,"García Calderón, Francisco",5
806,"García Calvo, Federico",1
807,"García Carraffa, Arturo",1
808,"García de la Barga y Gómez de la Serna, Andrés",1
809,"García Herreros, Manuel",32
810,"García Jove, Joaquín",1
811,"García Lorca, Federico",12
812,"García Mérou, Martín",1
813,"García Morales, Pedro",8
814,"García Ortiz, Laureano",4
815,"García Rico, Francisco",1
816,"García Sanchiz, Federico",1
817,"García Sierra, Miguel",1
818,"García Valencia, Julio César",1
819,"García Zamudio, Nicolás",1
820,"García, A.",2
821,"García, Evaristo",1
822,"García, Juan Agustín",1
823,"García, Juan Crisóstomo",1
824,"García, Juan Manuel",1
825,"García, Octavio",1
826,"Gardiner, Alfred George",10
827,"Garrido Merino, Edgardo",1
828,"Gartner de la Cuesta, Jorge",3
829,"Gartner, Fabio",2
830,"Gartner, Hugo",1
831,"Gaspar de la Noche",2
832,"Gautier",1
833,"Gautier, Judith",3
834,"Gautier, Théophile",1
835,"Gaviria Arango, Enrique",1
836,"Gaviria Echavarría, Nicolás",2
837,"Gaviria Isaza, Henrique",3
838,"Gaviria, José A.",6
839,"Gaviria, Luis M.",1
840,"Gebhart, Émile",1
841,"Gener, Pompeyo",1
842,"Genta de Lockhart, Estrella",2
843,"Gerbasi, Vicente",12
844,"Gerin, Gabriel",1
845,"Gervais, Paul",5
846,"Gide, André",4
847,"Gil Fortoul, José",1
848,"Gil Madrigal, Gil Juvenal",1
849,"Gil Sánchez, Alberto",1
850,"Gil, Constantino",2
851,"Gil, P.P.",1
852,"Gil, Ricardo",1
853,"Gil, Rivero",20
854,"Gilder, Richard Watson",1
855,"Gill, Charles",2
856,"Giraldo, Francisco",1
857,"Giraud, Victor",1
858,"Girón, Lázaro María",1
859,"Godoy Alcayaga, Lucila",9
860,"Goenaga, Florentino",6
861,"Goenaga, José Manuel",1
862,"Goethe, Johann Wolfgang von",2
863,"Gómez",1
864,"Gómez Barrientos, Estanislao",24
865,"Gómez Bravo, Vicente",1
866,"Gómez Carrillo, Enrique",10
867,"Gómez Corena, Pedro",1
868,"Gómez de Baquero, Eduardo",3
869,"Gómez de Castro, Julio",9
870,"Gómez de la Serna, Ramón",5
871,"Gómez E., Bernardo",2
872,"Gómez Escobar, Francisco",38
873,"Gómez H., Berta",1
874,"Gómez Henao, Graciela",8
875,"Gómez Jaime de Abadía, Herminia",4
876,"Gómez Jaime, Alfredo",10
877,"Gómez Jaramillo, Ignacio",5
878,"Gómez Martínez, Carlos",1
879,"Gómez Martínez, Fernando",3
880,"Gómez Naranjo, Abelardo",2
881,"Gómez R., José J.",3
882,"Gómez Restrepo, Antonio",24
883,"Gómez Rodeles, Cecilio",1
884,"Gómez, Alfonso Javier",1
885,"Gómez, Angélica",4
886,"Gómez, Bernardo",1
887,"Gómez, Bernardo E.",1
888,"Gómez, Carlos E.",9
889,"Gómez, Enrique",1
890,"Gómez, Isabel",1
891,"Gómez, Jacobo",13
892,"Gómez, Jaime Alfredo",1
893,"Gómez, Javier Alfonso",1
894,"Gómez, Juan Nepomuceno",2
895,"Gómez, Lucas",1
896,"Gómez, Obdulio",1
897,"Gómez, Pedro Nel",2
898,"Gómez, Plinio",1
899,"Gomperz, Theodor",3
900,"Gonzaga Urbina, Luis",3
901,"González Arrili, Bernardo",1
902,"González Barrero, Rafael",2
903,"González Blanco, Andrés",12
904,"González Blanco, Pedro",1
905,"González Borrero, Manuel",1
906,"González Fiol, Enrique",3
907,"González G., Ángela",2
908,"González G., D.",3
909,"González Gómez, José Ignacio",1
910,"González Gómez, José María",2
911,"González González, Margarita",1
912,"González Martínez, Enrique",5
913,"González Martínez, Manuel",1
914,"González Obregón, Luis",1
915,"González Ochoa, Fernando",9
916,"González Posada, Adolfo",2
917,"González Serrano, Urbano",2
918,"González Suárez, Federico",1
919,"González Tapia, Julieta",1
920,"González Torres, A.",1
921,"González Vélez, Ernesto María",8
922,"González y Fernández, Anastasio Anselmo",1
923,"González, Domitila",3
924,"González, José Ignacio",1
925,"González, Juan José",1
926,"Goovaerts, Agustín",4
927,"Gorki, Maksim",2
928,"Gourmont, Remy de",11
929,"Goya, Antonio",1
930,"Goyau, Georges",1
931,"Graa, Gertrud",2
932,"Graf, Arturo",2
933,"Gramont, Luciano",1
934,"Grant, Allen",2
935,"Gras y Elías, Francisco",1
936,"Grégory, Pedro N.",1
937,"Greiff, Carlos de",1
938,"Greiff, Jorge de",5
939,"Greiff, León de",50
940,"Greiff, Luis de",92
941,"Greiff, Otto de",12
942,"Greiffenstein A., Luz",1
943,"Greiffenstein, Ricardo",1
944,"Gremil, Manuel",1
945,"Grillo, Maximiliano",133
946,"Groot, José Manuel",1
947,"Grün, A.",1
948,"Guaraya y Lezema, Antonio",1
949,"Guardia, Ernesto de la",1
950,"Guarín, David",2
951,"Güell, Joaquín M.",7
952,"Guérin, Charles",1
953,"Guérin, Maurice de",2
954,"Guerra Azuola, Ramón",6
955,"Guerra, Martín",12
956,"Guerrero, José Enrique",1
957,"Guerrero, Rafael",1
958,"Guerrini, Olindo",2
959,"Guillén, Alberto",8
960,"Gumucio, Adulfo de",1
961,"Gunnar Hede",1
962,"Gutiérrez",2
963,"Gutiérrez B., Germán",1
964,"Gutiérrez Calderón, Teodoro",2
965,"Gutiérrez de Alba, José María",2
966,"Gutiérrez González, Gregorio",2
967,"Gutiérrez J., Guillermo",1
968,"Gutiérrez Nájera, Manuel",1
969,"Gutiérrez Ponce, Ignacio",1
970,"Gutiérrez Robledo, Julio",1
971,"Gutiérrez Samper, M.",3
972,"Gutiérrez y Gutiérrez, Francisco Antonio",1
973,"Gutiérrez, Benigno A.",2
974,"Gutiérrez, Felipe Santiago",1
975,"Gutiérrez, Luis",6
976,"Gutiérrez, Ricardo",1
977,"Gutiérrez, Vicente",1
978,"Guyau, Jean-Marie",1
979,"Guzmán Esponda, Eduardo",2
980,"Guzmán, César Coronado",1
981,"Guzmán, Julio Alfredo de",1
982,"Hafis",1
983,"Hagopian, Yervant",1
984,"Haraucourt, Edmond",1
985,"Harding, Earl",2
986,"Hardy, Arthur Sherburne",1
987,"Harinas, Juancho",1
988,"Haring, Clarence Henry",1
989,"Haro, Eduardo",2
990,"Hawthorne, Nathaniel",2
991,"Haynes, Edmund Sidney Pollock",1
992,"Heaford, William",3
993,"Hearn, Lafcadio",4
994,"Heine, Heinrich",10
995,"Henao, Federico Carlos",16
996,"Henao, Januario",9
997,"Henderson, James",2
998,"Hephel",2
999,"Heredia Márquez, Francisco de",4
1000,"Heredia, José-Maria de",15
1001,"Herman, B. A.",1
1002,"Hermant, Abel",1
1003,"Hernández Catá, Alfonso",3
1004,"Hernández Mesa, Mauro",3
1005,"Hernández O., Blas",1
1006,"Hernández y Lesmes, Guillermo",1
1007,"Hernández, Luis María",1
1008,"Hernández, Manuel A.",1
1009,"Herrán, Francisco J.",1
1010,"Herrán, Pablo Emilio",1
1011,"Herrera y Reissig, Julio",6
1012,"Herrera, Adán",1
1013,"Herrera, Benjamín",1
1014,"Herrera, Flavio",1
1015,"Herrera, Luis Alberto de",4
1016,"Herzig, George",35
1017,"Hibbard Kemp, Harry",1
1018,"Hidalgo Lara, Tomás",2
1019,"Hinestroza Daza, Ricardo",7
1020,"Hispania",14
1021,"Hoffmann, Ernst Theodor Amadeus",1
1022,"Holden, Norman",2
1023,"Holguín Caro, Hernando",3
1024,"Holguín de Lavalle, Jorge",1
1025,"Holguín, Andrés",17
1026,"Holguín, Jorge",8
1027,"Hopper, James",3
1028,"Horacio Flaco, Quinto",8
1029,"Houssaye, Arséne",1
1030,"Hoyos y Vinent, Antonio de",1
1031,"Hoyos, Eduardo A.",1
1032,"Hoyos, Sebastián",1
1033,"Hoz, J. D. de la",1
1034,"Hudson, William Henry",3
1035,"Huertos, Luis G.",1
1036,"Hughes, Spencer Leight",1
1037,"Hugo, Victor",10
1038,"Hume, David",1
1039,"Hume, Ethel Douglas",1
1040,"Hunt, Violet",1
1041,"Hurtado Martínez, Alejandro",1
1042,"Huysmans, Joris-Karl",1
1043,"I.G.P.",1
1044,"Ibáñez, Jaime",27
1045,"Ibáñez, Pedro María",12
1046,"Ibarbourou, Juana de",5
1047,"Ibarra S., Sergio",1
1048,"Ibsen, Henrik",1
1049,"Icaza, Francisco A. de",3
1050,"Iglesias de la Casa, José",1
1051,"Iglesias, Augusto",1
1052,"Imendia, Carlos Arturo",2
1053,"Ingenieros, José",4
1054,"Irazábal, Joaquín Santiago de",1
1055,"Iregui, Antonio José",1
1056,"Isaacs, Jorge",7
1057,"Isaacs, Lisímaco",1
1058,"Isama",1
1059,"Isaza Botero, Carlos",1
1060,"Isaza Botero, Teodomiro",6
1061,"Isaza de Jaramillo Meza, Blanca",10
1062,"Isaza Jaramillo, Teodomiro",2
1063,"Isaza Moreno, Alfonso",1
1064,"Isaza Moreno, Juan",1
1065,"Isaza, Fernando",2
1066,"Isaza, Horacio",3
1067,"J.",1
1068,"J. C. G.",1
1069,"J. Gustave",2
1070,"J. I. R.",1
1071,"J. J. B.",1
1072,"J. R. O.",1
1073,"J.A.Z.",1
1074,"J.C.R.",1
1075,"Jackson Veyán, José",1
1076,"Jaloux, Edmond",1
1077,"Jammes, Francis",3
1078,"Jaramillo Ángel, Ana",1
1079,"Jaramillo Arango, Bernardo",2
1080,"Jaramillo Arango, Manuel José",1
1081,"Jaramillo Arango, R.",1
1082,"Jaramillo Arango, Rafael",7
1083,"Jaramillo Arango, Roberto",5
1084,"Jaramillo Arbeláez, Delio",2
1085,"Jaramillo Barrientos, Guillermo",1
1086,"Jaramillo Córdoba, Federico",2
1087,"Jaramillo G., Hernando",2
1088,"Jaramillo Gaitán, Uva",8
1089,"Jaramillo González, Guillermo",3
1090,"Jaramillo J., Pascual",1
1091,"Jaramillo Jaramillo, Germán",1
1092,"Jaramillo M., J.",1
1093,"Jaramillo M., J. Arturo",2
1094,"Jaramillo M., Luis E.",1
1095,"Jaramillo Madariaga, G.",2
1096,"Jaramillo Medina, Francisco",20
1097,"Jaramillo Meza, Juan Bautista",9
1098,"Jaramillo MTZ, José María",1
1099,"Jaramillo P., Escipión",5
1100,"Jaramillo T., Rafael",1
1101,"Jaramillo Vélez, Guillermo",4
1102,"Jaramillo, Adán",10
1103,"Jaramillo, Arturo",6
1104,"Jaramillo, Bernardo",12
1105,"Jaramillo, Carlos A.",1
1106,"Jaramillo, Emilio",6
1107,"Jaramillo, Enrique",1
1108,"Jaramillo, Guillermo",6
1109,"Jaramillo, Joaquín Emilio",1
1110,"Jaramillo, Manuel José",3
1111,"Jaramillo, Roberto",1
1112,"Jardiel, Mario",1
1113,"Jarnés, Benjamín",1
1114,"Jarque, Aurora L. de",12
1115,"Jaspe Franco, Generoso Conrado",1
1116,"Jerar, Edmundo",2
1117,"Jérez, Armando",2
1118,"Jeunesse, Ernest La",1
1119,"Jiménez de la Espada, Marcos",2
1120,"Jiménez de Pertuz, Julia",5
1121,"Jiménez Jaramillo, J.",2
1122,"Jiménez López, Miguel",4
1123,"Jiménez Oreamuno, Ricardo",2
1124,"Jiménez Suárez, Tobías",2
1125,"Jiménez T., Rafael",2
1126,"Jiménez Trujillo, Manuel",4
1127,"Jiménez, Juan Ramón",7
1128,"Jiménez, Marco T.",1
1129,"Jinesta, Carlos",1
1130,"Jocelym",1
1131,"Johns, A. J.",2
1132,"Jolicler, Étienne",1
1133,"Jorge",2
1134,"Jota y Efe",3
1135,"Joubert, Joseph",1
1136,"Joufrez, Lila de",1
1137,"Jouy, Victor Joseph Étienne de",1
1138,"Juan Manuel",1
1139,"Juárez García, Benito Pablo",1
1140,"Jugo Ramírez, Diego",1
1141,"Junqueiro, Guerra",2
1142,"Kālidāsa",3
1143,"Kaminsky-Halpérine, Ilya",1
1144,"Kant, Immanuel",1
1145,"Karr, Carmen",1
1146,"Kempis",1
1147,"Kerr, Aida",1
1148,"Khayyam, Omar",3
1149,"Kipling, Rudyard",4
1150,"Kohler, Joseph",1
1151,"Kranile, Izé",2
1152,"L'Enclos, Anne de",1
1153,"L'Heureux, Marcel",1
1154,"L.",1
1155,"L. E.",1
1156,"L. F. P.",1
1157,"L. M.",1
1158,"L. R.",1
1159,"La Actualidad de Barcelona",1
1160,"La Época",1
1161,"La Fontaine, Henri-Marie",1
1162,"La Lectura de Madrid",1
1163,"La legación peruana en la Gran Bretaña",2
1164,"La Linterna",1
1165,"La Nación (Barranquilla)",1
1166,"Labre, Benoît-Joseph",1
1167,"Lach, Henry",1
1168,"Ladrón de Guevara, Teodoro",2
1169,"Lagerlöf, Selma",1
1170,"Lailut, Mara",1
1171,"Lalinde, Manuel A.",48
1172,"Lamartine, Alphonse de",3
1173,"Lambert, Suzanne",1
1174,"Lammasch, Heinrich",1
1175,"Lang, Andrew",1
1176,"Langlois, Gabriel",1
1177,"Lapauze, Jeanne",1
1178,"Lara Cortés, Gregorio",1
1179,"Lara S.",2
1180,"Larrazábal y Arrivillaga, Antonio de",1
1181,"Larréguy de Civrieux, Louis Marie Sylvain Pierre",1
1182,"Larreta, José de",1
1183,"Larriva de Llona, Lastenia",1
1184,"Lascarro, Leopoldo",1
1185,"Latino",1
1186,"Latorre, Francisco A.",3
1187,"Latorre, Gabriel",17
1188,"Latorre, Luis M.",1
1189,"Latorre, R. M. de",1
1190,"Lavedan, Henri",1
1191,"Laverde Amaya, Isidoro",77
1192,"Laverde Liévano, Manuel",1
1193,"Lavigerie, Charles Martial",1
1194,"Le Bas, Hedley F.",1
1195,"Le Blond, M.",1
1196,"Le Bon, Gustave",1
1197,"Le Moyne, Arnaud Auguste Hilaire",3
1198,"Le Semainier",1
1199,"Le Temps",1
1200,"Lébre",1
1201,"Lebret",1
1202,"Leconte de Lisle, Charles-Marie",3
1203,"Lecuna, Vicente",4
1204,"Legouvé, Ernest",1
1205,"Leiva, Nicolás",1
1206,"Lemaître, Jules",1
1207,"Lemly, Henry Rowan",2
1208,"León Gómez, Adolfo",16
1209,"León, J. Eusebio",1
1210,"León, Lino M. de",1
1211,"León, Luis de",1
1212,"León, Ricardo",2
1213,"Leopardi, Giacomo",2
1214,"Leroy-Beaulieu, Paul",1
1215,"Level, Maurice",2
1216,"Levillier, Roberto",1
1217,"Lévine, V.",2
1218,"Lewandowski, C.",1
1219,"Leyva Pereira, Lisandro",1
1220,"Liévano, Roberto",5
1221,"Ligerot, Marguerite",1
1222,"Ligouri, Alfonso Maria de",1
1223,"Limantour, José Yves",1
1224,"Limogez",1
1225,"Linares, Antonio G. de",1
1226,"Line, Mary",1
1227,"Lino Sutil",1
1228,"Lipparini, Giuseppe",1
1229,"Lis Albo",1
1230,"Lista, Alberto",1
1231,"Lizardo, Pedro",1
1232,"Llano Uribe, Manuel",1
1233,"Llanos, Luis de",1
1234,"Lleras A., Alfredo",2
1235,"Lleras Codazzi, Ricardo",1
1236,"Lleras Noriega",4
1237,"Lleras, Enrique",1
1238,"Llona, Numa Pompilio",2
1239,"Loebel, Rosa Elena",1
1240,"Lofey, Carlos",1
1241,"Loiseau, G.",1
1242,"Lombardo Radice, Giuseppe",1
1243,"Lombroso, Gina",2
1244,"Loncel, Jorge",1
1245,"Londoño C., Ausberta",1
1246,"Londoño Villegas, A.",1
1247,"Londoño Villegas, Roberto",3
1248,"Londoño, Asennett",1
1249,"Londoño, Ismina",2
1250,"Londoño, J. B.",1
1251,"Londoño, Pedro P.",4
1252,"Londoño, Víctor Manuel",42
1253,"Longas, Horacio",3
1254,"Longfellow, Henry Wadsworth",6
1255,"Longo",1
1256,"Lopera Berrío, Emilia",1
1257,"López C., Ricardo",1
1258,"López de Haro, Rafael",1
1259,"López de Mesa, Luis",39
1260,"López F., Germán",1
1261,"López Gómez, Adel",32
1262,"López Iriarte, E.",1
1263,"López Lapuya, Isidoro",1
1264,"López Penha, Abraham Zacarías",4
1265,"López Restrepo, Alejandro",12
1266,"López Restrepo, Libardo",9
1267,"López Restrepo, María",10
1268,"López Sanín, Jorge",11
1269,"López y López, José",1
1270,"López, Eduardo",1
1271,"López, Ismael",43
1272,"López, Luis Carlos",14
1273,"López, Samuel",1
1274,"Lorenzana Uribe, Fernán",1
1275,"Lorenzana, Carlos",2
1276,"Lorenzana, Máximo",1
1277,"Lorrain, Jean",1
1278,"Loti, Pierre",1
1279,"Louis, Thomas",2
1280,"Louÿs, Pierre",5
1281,"Lovell, Mary Frances",2
1282,"Lowell, Amy",1
1283,"Lozada Díaz, Demetrio",1
1284,"Lozano Garcés, Ramón",3
1285,"Lozano y Lozano, Fabio",3
1286,"Lozano y Lozano, Juan",9
1287,"Lozano, Alberto",1
1288,"Lt. P... P...",1
1289,"Luerdosa",1
1290,"Lugo, Silvio",1
1291,"Lugones, Leopoldo",8
1292,"Luis de Axum",6
1293,"Luisi, Luisa",2
1294,"Luisu",1
1295,"Luneta, José",1
1296,"Luz",1
1297,"Luz Stella",3
1298,"Lyly, Jhon",1
1299,"Lysis",4
1300,"M.",5
1301,"M. A. del Río",1
1302,"M. G. P.",1
1303,"M. J. R.",1
1304,"M. S.",1
1305,"M. y M.",1
1306,"M.V.L",1
1307,"M.V.O",1
1308,"Mac Douall, Roberto",2
1309,"Macdonald, R. George",1
1310,"Machado de Assis, Joaquim María",1
1311,"Machado, Gonzalo",1
1312,"Machado, Lia",2
1313,"Machado, Manuel",5
1314,"Machado, Mariana",1
1315,"Macia, Carlos",1
1316,"MacLaren Cobban, James",1
1317,"Madaline, Juan",1
1318,"Madama Azul",1
1319,"Madame de Lys",1
1320,"Madrid, Gerardo",1
1321,"Maeterlinck, A.",1
1322,"Maeterlinck, Maurice",6
1323,"Maeztu, Ramiro de",2
1324,"Magallanes Moure, Manuel",1
1325,"Magrassi, Alejandro",2
1326,"Maizeroy, René",2
1327,"Majocch, María P.",1
1328,"Malagrida, Luis de",1
1329,"Mallarino, Julio D.",1
1330,"Mallarmé, Stéphane",2
1331,"Mancio, A.",1
1332,"Mandolini, Hernani",1
1333,"Manrique Terán, Guillermo",6
1334,"Manrique, Jorge",1
1335,"Manrique, Juan E.",1
1336,"Manrique, Pedro Carlos",1
1337,"Mantegazza, Paolo",3
1338,"Mantilla, Víctor G.",1
1339,"Mar, Leonte del",1
1340,"Maragall, Juan",3
1341,"Marañón, Gregório",1
1342,"Marco Aurelio",1
1343,"María Enriqueta",2
1344,"Mariela",1
1345,"Marín, Abel",20
1346,"Marinetti, Filippo Tommaso",1
1347,"Marmaduke",1
1348,"Márquez Bravo, Tomás",20
1349,"Márquez Cuervo, Carlos",1
1350,"Márquez Liévano, Ernestina",4
1351,"Marquina, Eduardo",5
1352,"Marquina, Pedro",1
1353,"Marquina, Rafael",1
1354,"Marroquín, José Manuel",13
1355,"Marry, Julio",1
1356,"Marta",2
1357,"Martel, Edmundo",3
1358,"Martel, L.",1
1359,"Martí, José",1
1360,"Martín Mateos, Nicomedes",1
1361,"Martín, José",1
1362,"Martínez Delgado, Luis",2
1363,"Martínez E., Luis",1
1364,"Martínez Lozano, Joaquín",1
1365,"Martínez Mutis, Aurelio",1
1366,"Martínez Riestra, Ceferino",1
1367,"Martínez Rivas, Federico",1
1368,"Martínez Ruiz, José",13
1369,"Martínez Santamaría, Jorge",1
1370,"Martínez Sierra, Gregorio",15
1371,"Martínez Silva, Carlos",1
1372,"Martínez Silva, Luis",1
1373,"Martínez Villegas, Eduardo",1
1374,"Martínez Villergas, Juan",1
1375,"Martínez, Antonio R.",1
1376,"Martínez, Bernardo V.",4
1377,"Martínez, Blanca",2
1378,"Martínez, Juan Cristóbal",1
1379,"Martínez, Lola P.",1
1380,"Martínez, Marcial",1
1381,"Martínez, Miguel",1
1382,"Martón é Izaguirre, J.",1
1383,"Marulanda, J. M.",1
1384,"Marxino, Ricardo",2
1385,"Más y Pi, Juan",1
1386,"Maseras, Alfonso",3
1387,"Massé, Pierre Benjamín Daniel",1
1388,"Masterman, C.F.G.",1
1389,"Masur, Gerhard",2
1390,"Mateus, Jorge",4
1391,"Matos Hurtado, Belisario",2
1392,"Matoses, Manuel",1
1393,"Matta, Esther",2
1394,"Maudet, Alejandro José",3
1395,"Maupassant, Guy de",5
1396,"May, Dick",1
1397,"Maya, Juan Antonio",2
1398,"Maya, Juan F.",1
1399,"Maya, Luz",1
1400,"Maya, Rafael",8
1401,"Maynial, Édouard",2
1402,"Mazza, Armando",1
1403,"Meabe, Tomás",2
1404,"Medellín, Miguel",1
1405,"Medina Alfonzo, Arturo",1
1406,"Medina Angulo, Germán",1
1407,"Medina, Vicente",8
1408,"Mejía Álvarez, Sixto",16
1409,"Mejía Ángel, Carlos",20
1410,"Mejía Ángel, Gustavo",5
1411,"Mejía Arango, José Félix",65
1412,"Mejía B., Manuel",1
1413,"Mejía Mejía, Francisco",10
1414,"Mejía Morales, Dolly",7
1415,"Mejía O., Enrique",2
1416,"Mejía O., Ramón",3
1417,"Mejía Robledo, Alfonso",1
1418,"Mejía Rodríguez, Alfonso",1
1419,"Mejía T., J. M.",1
1420,"Mejía Uribe, Graciela",1
1421,"Mejía V., Sebastián",1
1422,"Mejía y Mejía, José",9
1423,"Mejía, Cecilia V.",1
1424,"Mejía, Epifanio",8
1425,"Mejía, F. A.",1
1426,"Mejía, Gabriel",2
1427,"Mejía, L.",2
1428,"Mejía, Luis A.",2
1429,"Mejía, Luis Emiro",3
1430,"Mejía, W.",2
1431,"Melguizo, Carlos",3
1432,"Mellado, Carlos",3
1433,"Mendès, Catulle",8
1434,"Méndez Cuesta, Concepción",3
1435,"Méndez y Mendoza, Eugenio",1
1436,"Méndez, E.",1
1437,"Méndez, Juan de Dios",1
1438,"Mendive y Daumy, Rafael María de",1
1439,"Mendoza Pérez, Diego",3
1440,"Mendoza, Diego",11
1441,"Mendoza, Mario",2
1442,"Mendoza, Mario de",1
1443,"Menéndez Pelayo, Enrique",1
1444,"Menéndez, José Luis",1
1445,"Mercado, Julio",1
1446,"Merchán, Rafael María",5
1447,"Mercier, Card",2
1448,"Mercurio",1
1449,"Merezhkovski, Dmitri",1
1450,"Merino, Ramiro",2
1451,"Merizalde Uribe, Antonio",13
1452,"Merrill, Stuart",4
1453,"Merry del Val",1
1454,"Mesa",1
1455,"Mesa Jaramillo, José María",4
1456,"Mesa Ledesma, Alberto",2
1457,"Mesa Nicholls, Alejandro",7
1458,"Mesa Nicholls, Salvador",3
1459,"Mesa, Daniel A.",10
1460,"Mesa, Enrique de",1
1461,"Mesa, Rafael",44
1462,"Metcnikoff, Elie de",1
1463,"Meteyard, Sidney",1
1464,"Michaud d'Humiac, Léon",1
1465,"Michelsen Uribe, Gustavo",1
1466,"Micromegas",6
1467,"Mikhaël, Efraín",1
1468,"Millican, Albert",2
1469,"Mira, José León",1
1470,"Miró Ferrer, Gabriel",2
1471,"Mirón, N.",1
1472,"Mockel, Albert",3
1473,"Mohalem, Carlos",1
1474,"Moireau, Auguste",1
1475,"Molina Garcés, Ciro",1
1476,"Molina M., José Luis",1
1477,"Molina Paniagua, Modesto",1
1478,"Molina Uribe, Antonio",1
1479,"Molina, Ana C. de",1
1480,"Molina, Carlos A.",3
1481,"Molina, Carlos I.",3
1482,"Molina, Juan José",2
1483,"Molina, Pedro Antonio",2
1484,"Monasterios Velásquez, Jesús María",1
1485,"Mondragón Guerrero, Antonio",1
1486,"Monsalve, José Dolores",12
1487,"Monseñor Tranquilo",4
1488,"Montalvo, Juan",2
1489,"Monte, D. L.",1
1490,"Montero Bustamante, Raúl",1
1491,"Montes del Valle, Agripina",6
1492,"Montes, Ismael",1
1493,"Montiel, A.S. de",1
1494,"Montoya",4
1495,"Montoya A., Justo",4
1496,"Montoya Canal, Aníbal",1
1497,"Montoya D., Epifanio",1
1498,"Montoya de Restrepo, Graciela",1
1499,"Montoya Gaviria, Emilio",9
1500,"Montoya Kennedy, F. A.",2
1501,"Montoya Pérez, Rafael",11
1502,"Montoya Tirado, Wenceslao",2
1503,"Montoya, Antonio José",18
1504,"Montoya, Eladio",1
1505,"Montoya, Gabriel",28
1506,"Montoya, Hernán",2
1507,"Montoya, Hernando",1
1508,"Montoya, José",25
1509,"Montoya, Mariano",1
1510,"Montoya, Roberto",29
1511,"Moore, Thomas",1
1512,"Mora Naranjo, Alfonso",1
1513,"Mora Vásquez, José Manuel",4
1514,"Mora, Félix",1
1515,"Mora, José Joaquín de",1
1516,"Mora, Luis María",1
1517,"Mora, Mimí de",2
1518,"Morales Berti, Luis",1
1519,"Morales de Acevedo, Emilio",1
1520,"Morales, Antonio",1
1521,"Morales, Inés",1
1522,"Morales, María Luz",1
1523,"Morales, Tomás",1
1524,"Moréas, Jean",4
1525,"Moreno Alba, Miguel",2
1526,"Moreno de los Ríos, Martín",4
1527,"Moreno J., Miguel",1
1528,"Moreno Jaramillo, Miguel",2
1529,"Moreno R., Gustavo",2
1530,"Moreno Vásquez, Ana",1
1531,"Moreno Villa, José",1
1532,"Moreno, Albertina",7
1533,"Moreno, Guillermo",1
1534,"Morice, Charles",1
1535,"Mosquera, Tomás Cipriano de",7
1536,"Moussy, Martín de",1
1537,"Münchhausen, Börries von",3
1538,"Múnera, Alejandro",1
1539,"Múnera, José U.",2
1540,"Munroo, Alick",1
1541,"Muñoz Arrieta, D.",1
1542,"Muñoz Cano, J.",2
1543,"Muñoz Escamez, José",1
1544,"Muñoz Feijoó, Antonio",1
1545,"Muñoz Fernández, Francisco de Paula",1
1546,"Muñoz Londoño, Roberto",1
1547,"Muñoz S., Isaías",2
1548,"Muñoz y Capurón, Luis Javier",1
1549,"Muñoz, Laurentino",4
1550,"Murena, Claudio",1
1551,"Murger, Henry",1
1552,"Murillo Toro, Manuel",1
1553,"Murillo, Bartolomé Esteban",1
1554,"Murillo, Emilio",2
1555,"Murillo, Ernestro",1
1556,"Musset, Alfred de",3
1557,"Mutis, A.",1
1558,"N. C.",1
1559,"N. M. Gz.",1
1560,"N.G.S.",1
1561,"Nanfa, Crisógono de",1
1562,"Nannetti, Leonilde",3
1563,"Naranjo E., Luis E.",1
1564,"Naranjo Martínez, Enrique",5
1565,"Naranjo V., Luis Carlos",1
1566,"Nariño, Antonio",1
1567,"Narváez, Antonio de",3
1568,"Narváez, Roberto de",5
1569,"Nauts, Carlos",2
1570,"Navas Spínola, Domingo",1
1571,"Navas, José Alejandro",1
1572,"Navas, Juan Gualberto López Valdemoro de Quesada",2
1573,"Negueri, D.",3
1574,"Nena",5
1575,"Neruda, Pablo",12
1576,"Nervo, Amado",24
1577,"New York Times",1
1578,"Nick-Chano",7
1579,"Nieremberg, Juan Eusebio",2
1580,"Nieto Caballero, Agustín",12
1581,"Nieto Caballero, Luis Eduardo",9
1582,"Nieto de Cano, Paulina",1
1583,"Nieto, Ricardo",15
1584,"Nin Frías, Alberto",1
1585,"Noble Gregory, Charles",1
1586,"Nogales, José",3
1587,"Nordau, Max",1
1588,"Norman, Juan",1
1589,"Not",1
1590,"Novicow, F.",1
1591,"Núñez de Arce, Gaspar",1
1592,"Núñez y Domínguez, José de Jesús",2
1593,"Núñez, Carlos",1
1594,"Núñez, José M.",1
1595,"Núñez, Rafael",6
1596,"O'Kelly, James J.",1
1597,"Obando Cardona, Jorge",18
1598,"Obligado, Rafael",3
1599,"Obregón B., P. E.",1
1600,"Obregón Botero, Gabriel",4
1601,"Obregón, Carlos",3
1602,"Obregón, J.",1
1603,"Obregón, Manuel F.",1
1604,"Obregón, Marcos de",1
1605,"Observer",1
1606,"Ochoa Gutiérrez, L.E.",1
1607,"Ofelia",1
1608,"Olano, Ricardo",8
1609,"Olarte, Enrique",2
1610,"Olavarría, Claudio",1
1611,"Olaya Herrera, Enrique",3
1612,"Olivier, Jorge",1
1613,"Olmet, Luis Antón del",1
1614,"Olney, Richard",1
1615,"Olózaga de Cabo, Susana",9
1616,"Omar, Fran",1
1617,"Ombre, K.",1
1618,"Orbigny, Alcide Charles Victor Marie Dessalines de",1
1619,"Orleans, Carlos de",1
1620,"Orleans, Fernando",1
1621,"Orozco, Luis",1
1622,"Orrego Barros, Antonio",1
1623,"Ortega y Gasset, José",1
1624,"Ortega, Alfredo",4
1625,"Ortega, Alfredo Tomás",1
1626,"Ortiz de Pinedo, J.",1
1627,"Ortiz Echagüe, Fernando",1
1628,"Ortiz G., L. Bernardo",1
1629,"Ortiz González, Rafael",1
1630,"Ortiz V., Manuel",1
1631,"Ortiz, Daniel",1
1632,"Ortiz, José Joaquín",4
1633,"Ortiz, Juan Francisco",1
1634,"Ortiz, Nicolás",1
1635,"Ortiz, Rafael",1
1636,"Ortiz, Venancio",2
1637,"Orts-Ramos, Antonio",3
1638,"Ory y Sevilla, Eduardo de",5
1639,"Osler, Williams",1
1640,"Osorio Lizarazo, José Antonio",1
1641,"Osorio, Luis Enrique",3
1642,"Osorio, Luis F.",9
1643,"Osorio, Miguel Ángel",6
1644,"Ospina",1
1645,"Ospina Arias, Libardo",7
1646,"Ospina de Navarro, Sofía",4
1647,"Ospina M., Enoe",1
1648,"Ospina Rodríguez, Mariano",9
1649,"Ospina Vásquez, Mariano",48
1650,"Ospina Vásquez, Tulio",13
1651,"Ospina, Pedro Nel",8
1652,"Ospina, Roberto",1
1653,"Ossa, Valentín",1
1654,"Ossorio y Bernard, Manuel",2
1655,"Ossorio, Miguel",2
1656,"Otero d’Costa, Enrique",2
1657,"Otero, Luis Alfredo",1
1658,"Otto",2
1659,"Ouvré, Henry",1
1660,"Ovidio",1
1661,"Oyuela, Calixto",4
1662,"P. A.",1
1663,"P. M.",1
1664,"P.S.M.R.",1
1665,"Pacheco Cabezas, Leonidas",1
1666,"Pacón, P.",1
1667,"Páez M., Julián",1
1668,"Paillié, Francisco A.",4
1669,"Palacio Muñoz, Obdulio",6
1670,"Palacio Uribe, Benjamín",1
1671,"Palacio Uribe, Tomás",1
1672,"Palacio Valdés, Armando",1
1673,"Palacio, Eduardo A.",4
1674,"Palacio, Luis R.",2
1675,"Palacio, Manuel del",5
1676,"Palacios, Eustaquio",1
1677,"Palacios, P.",1
1678,"Palacios, Pedro Bonifacio",1
1679,"Paláu R., Antonio M.",1
1680,"Paláu, Alfonso",6
1681,"Paláu, Melchor de",1
1682,"Palazzeschi, Aldo",1
1683,"Palma, Clemente",3
1684,"Palma, Ricardo",1
1685,"Papini, Giovanni",4
1686,"Pardo Bazán, Emilia",7
1687,"Pardo Farelo, Enrique",23
1688,"Pardo García, Germán",9
1689,"Pardo y Vergara, José",2
1690,"Pareja, Carlos Henrique",9
1691,"Parias Oliver, Héctor",3
1692,"París, Gonzalo",1
1693,"París, Luis",1
1694,"Parker, Arturo",1
1695,"Parma, Juan de",1
1696,"Parodi, B.",1
1697,"Parra Toro, Libardo",12
1698,"Parra, Helena",1
1699,"Parra, Teresa de la",1
1700,"Parville, Henry de",1
1701,"Pascal, Blaise",1
1702,"Pascaña, Jerónimo",4
1703,"Pascoli, Giovanni",1
1704,"Pascualli, Juan Federico",1
1705,"Pasos, Isidoro",2
1706,"Pastor Ríos, Justo",1
1707,"Patiño Gutiérrez, Gustavo",1
1708,"Patrik, John",1
1709,"Pauline",1
1710,"Paz García, Carlos",1
1711,"Pearson Arthur, C.",1
1712,"Peláez, Anatolio",1
1713,"Peláez, Aureliano",2
1714,"Peláez, Aurelio",6
1715,"Peláez, Fidel",1
1716,"Peltier, Paul",1
1717,"Peña, Carlos I.",1
1718,"Peña, José Segundo",2
1719,"Peña, Manuel Argimiro",1
1720,"Peña, Pedro A.",1
1721,"Pepa Luna",2
1722,"Peral, Alfonso",3
1723,"Peralta",1
1724,"Percebete, Gumersindo",1
1725,"Pereira Gamba, Fortunato",3
1726,"Pereira Gamba, Próspero",16
1727,"Pereira Teixeira de Vasconcelos, Joaquim",1
1728,"Pereira, Guillermo",1
1729,"Pereyra, Carlos",2
1730,"Pérez-Galdós, Benito",2
1731,"Pérez Amaya, Carlos",4
1732,"Pérez Balboa, Valentín",1
1733,"Pérez Bonalde, Juan Antonio",1
1734,"Pérez C., Darío",1
1735,"Pérez Calvo, Fidel J.",2
1736,"Pérez de Ayala, Ramón",10
1737,"Pérez de Guzmán y Gallo, Juan",2
1738,"Pérez Lleras, Enrique",45
1739,"Pérez Manosalva, Santiago",2
1740,"Pérez Nieva, Alfonso",3
1741,"Pérez R., Rafael",1
1742,"Pérez Sarmiento, José Manuel",2
1743,"Pérez Triana, Santiago",133
1744,"Pérez Zúñiga, Juan",2
1745,"Pérez, A. J.",1
1746,"Pérez, Antonio",1
1747,"Pérez, Enrique",2
1748,"Pérez, Felipe",2
1749,"Pérez, Francisco de Paula",1
1750,"Pérez, Gregorio",2
1751,"Pérez, Pascual",1
1752,"Pérez, Rafael",4
1753,"Perrier, Joseph-Luis",1
1754,"Pertuz, Faraón",1
1755,"Petrarca, Francesco",1
1756,"Peza, Juan de Dios",1
1757,"Phayre, Ignatius",1
1758,"Pí y Margall, Francisco",1
1759,"Pichardo S., Manuel",1
1760,"Picón Febrés, Gonzalo",1
1761,"Picón, Jacinto Octavio",2
1762,"Pierre Rolland, Maurice",2
1763,"Pillo, C.",1
1764,"Pilon, Edmond",1
1765,"Pineda López, Jorge",1
1766,"Pineda, Fabiola",1
1767,"Pineda, J. J.",1
1768,"Pineda, Luis F.",2
1769,"Pineda, Luis Felipe",2
1770,"Pinillos, Pedro Pablo",1
1771,"Pinochet Le-Brun, Tancredo",1
1772,"Pinto, Eliseo",1
1773,"Pinzón, Ricardo V.",1
1774,"Piñeyro, Enrique",1
1775,"Pizano, Marco A.",1
1776,"Pizano, Roberto",2
1777,"Pizarro, Alejandro",3
1778,"Plá Cárceles, José",6
1779,"Planas Suárez, Simón",1
1780,"Platón",1
1781,"Poe, Edgar Allan",3
1782,"Pollock, Frederick",1
1783,"Pombo, Lino de",1
1784,"Pombo, Rafael",11
1785,"Pomiane, Édouard de",1
1786,"Ponce Aguilera, Salomón",88
1787,"Pondal, Mario",1
1788,"Porcar i Tió, Manuel",1
1789,"Porras Troconis, Gabriel",35
1790,"Porras, José Ángel",3
1791,"Posada Arango, Andrés",3
1792,"Posada Arango, E.",12
1793,"Posada E., E.",1
1794,"Posada Echeverri, Jesús",2
1795,"Posada Echeverri, José",12
1796,"Posada Hernández, Antonio",5
1797,"Posada, Adolfo",4
1798,"Posada, Aureliano",4
1799,"Posada, E.",2
1800,"Posada, Eduardo",24
1801,"Posada, Fanny",2
1802,"Posada, Guillermo",8
1803,"Posada, Inés",1
1804,"Posada, Jesús",1
1805,"Posada, Marceliano",1
1806,"Posonby, Frederick",1
1807,"Powell, Alexander",1
1808,"Prada Navarro, Gloria de la",1
1809,"Prado, Pedro",1
1810,"Préndez Murúa, Pedro Nolasco",1
1811,"Prévost, Marcel",1
1812,"Prieto Arango, Fernando",3
1813,"Prudhomme, Sully",10
1814,"Prutz, Robert",1
1815,"Puaux, René",1
1816,"Puche, Eliodoro",1
1817,"Puerta G., Bernardo",8
1818,"Puerta González, Bernardo",4
1819,"Puerta, P.",1
1820,"Puga de Losada, Amalia",1
1821,"Puig, Rafael Campalans",1
1822,"Pujol Martínez, Juan",2
1823,"Pulido, Augusto F.",1
1824,"Putnam Browne, Harold",1
1825,"Putnam Serviss, Garrett",1
1826,"Quesada R., Pedro",1
1827,"Quevedo Álvarez, Emilio",1
1828,"Quevedo Álvarez, Tomás",5
1829,"Quevedo de Cock, Lorenza",3
1830,"Quevedo, Francisco de",1
1831,"Quijano Mantilla, Joaquín",2
1832,"Quijano Torres, Antonio",1
1833,"Quijano Torres, Gustavo",1
1834,"Quijano Wallis, J. M.",1
1835,"Quijano, Arturo",8
1836,"Quintero de Fex, Teófilo",4
1837,"Quintero Zapata, Juan",1
1838,"Quiroga, Horacio",1
1839,"R.",5
1840,"R. L.",2
1841,"Rabot, Charles",1
1842,"Rachilde",1
1843,"Rada, Alberto de la",1
1844,"Ramírez Ángel, Emiliano",2
1845,"Ramírez G., Enrique",2
1846,"Ramírez Monsalve, Joaquín Guillermo",13
1847,"Ramírez, Clodomiro",2
1848,"Ramírez, Gorgón",2
1849,"Ramiro",1
1850,"Ramón y Cajal, Santiago",1
1851,"Ramos Ruíz, Gonzalo",1
1852,"Ramos Urdaneta, Alfredo",244
1853,"Ramos, José Luis",1
1854,"Rasch Isla, Miguel",11
1855,"Rasmussen, Knud",1
1856,"Rayo Mágico de Fe",1
1857,"Regino Blanco, Antonio",2
1858,"Régnier, Henri de",2
1859,"Reinach, Joseph",1
1860,"Remarque, Erich Maria",1
1861,"Remouchamps, Victor",1
1862,"Rémy, François",4
1863,"Renan, Ernest",1
1864,"Renard, Jules",4
1865,"Renaud, Jean Joseph",1
1866,"Rendón, Francisco de Paula",6
1867,"Rendón, Ricardo",28
1868,"Répide, Pedro de",1
1869,"Requejo y Velarde, Gerardo",1
1870,"Restelli, Ernesto",1
1871,"Restrepo A., Esther",1
1872,"Restrepo Arango, Lisandro",2
1873,"Restrepo Briceño, Fernando",1
1874,"Restrepo Castro, Ana",8
1875,"Restrepo E., José Vicente",1
1876,"Restrepo Euse, Álvaro",4
1877,"Restrepo Gaviria, Tulia",11
1878,"Restrepo Gómez, Francisco",4
1879,"Restrepo Jaramillo, Gonzalo",8
1880,"Restrepo Jaramillo, José",8
1881,"Restrepo Jaramillo, José Luis",14
1882,"Restrepo Laverde, Julio",50
1883,"Restrepo Maya, José María",4
1884,"Restrepo Mejía, Félix",2
1885,"Restrepo Moreno, Alfonso",4
1886,"Restrepo Olarte, Jesús",9
1887,"Restrepo Piedrahíta, J.",4
1888,"Restrepo Restrepo, Antonio María",62
1889,"Restrepo Restrepo, Carlos Eugenio",24
1890,"Restrepo Rivera, Jesús",17
1891,"Restrepo Rivera, José",7
1892,"Restrepo Sáenz, José María",1
1893,"Restrepo Tirado, Ernesto",19
1894,"Restrepo Uribe, José",1
1895,"Restrepo Uribe, Pedro",1
1896,"Restrepo Vélez, José Manuel",2
1897,"Restrepo, Antonio José",7
1898,"Restrepo, Camilo C.",1
1899,"Restrepo, Catalina",1
1900,"Restrepo, Edgar Poe",1
1901,"Restrepo, J. L.",1
1902,"Restrepo, José Manuel",10
1903,"Restrepo, Juan de Dios",3
1904,"Restrepo, L.",1
1905,"Restrepo, Lola",1
1906,"Restrepo, Lucio A.",5
1907,"Restrepo, M.",1
1908,"Restrepo, Paulo Emilio",3
1909,"Restrepo, Santiago",2
1910,"Restrepo, Saturnino",99
1911,"Restrepo, Vicente",17
1912,"Retté, Adolphe",1
1913,"Rev. Graf.",1
1914,"Reverdy, Pierre",1
1915,"Révézs, Andrés",1
1916,"Review of Reviews",2
1917,"Revilla, Esaú",2
1918,"Revista de Bibliografía Chilena",1
1919,"Revollo, Pedro María",1
1920,"Rey, Gloria",1
1921,"Reyes Católicos",1
1922,"Reyes Ochoa, Alfonso",1
1923,"Reyes Prieto, Rafael",3
1924,"Reyes Rojas, Luis",1
1925,"Reyes, Arturo",4
1926,"Reynolds, Rothay",1
1927,"Ribera",1
1928,"Ribón Castellanos, Cristóbal",3
1929,"Riche, Iván",1
1930,"Richepin, Jean",6
1931,"Rieux, Fanny-Adèle de",1
1932,"Rilke, Rainer María",1
1933,"Rimbaud, Arthur",1
1934,"Río, Clara del",1
1935,"Rios de Lamperez, Blanca de los",1
1936,"Risco, Alberto",2
1937,"Rito, P.",4
1938,"Riva de Sella, Leopoldo",1
1939,"Riva Palacio, Vicente",1
1940,"Rivas Frade, Federico",17
1941,"Rivas Groot, Evaristo",1
1942,"Rivas Groot, José María",5
1943,"Rivas, Medardo",4
1944,"Rivas, Raimundo",9
1945,"Rivera y Garrido, Luciano",4
1946,"Rivera, José Eustasio",3
1947,"Rivero, Gonzalo",1
1948,"Rives de Borja, Enrique",1
1949,"Robledo A., Jorge",1
1950,"Robledo J., Alfonso",1
1951,"Robledo Villa, Alonso",1
1952,"Robledo, Alfonso",1
1953,"Robledo, Arturo",8
1954,"Robledo, Emilio",9
1955,"Robledo, Eusebio",12
1956,"Robledo, Jaime",1
1957,"Robledo, Jorge Samuel",4
1958,"Robles, Alfonso",1
1959,"Roca de Togores y Saravia, José",1
1960,"Roca, M.",1
1961,"Rocha, Joaquín",1
1962,"Rochefort, Henri",2
1963,"Rodao, José",2
1964,"Ródenas, Miguel A.",1
1965,"Rodenbach, Georges",1
1966,"Rodin, Auguste",1
1967,"Rodó, José Enrique",9
1968,"Rodríguez Castro, Arturo",1
1969,"Rodríguez Émbil, Luis",1
1970,"Rodríguez G., Sixto",1
1971,"Rodríguez Hontiyuela, Mariano",1
1972,"Rodríguez L., Enrique",1
1973,"Rodríguez Mira, L.",1
1974,"Rodríguez Moya, Francisco",6
1975,"Rodríguez O., Eugenio",2
1976,"Rodríguez P., José",1
1977,"Rodríguez Pérez, Tomás",1
1978,"Rodríguez Piñeres, Eduardo",2
1979,"Rodríguez Rendueles, Manuel",1
1980,"Rodríguez Zapata, Francisco",1
1981,"Rodríguez, Alfonso",1
1982,"Rodríguez, Alfredo J.",1
1983,"Rodríguez, Carlos E.",2
1984,"Rodríguez, Horacio",1
1985,"Rodríguez, Horacio Marino",123
1986,"Rodríguez, Jorge",1
1987,"Rodríguez, Martín",1
1988,"Rodríguez, Melitón",64
1989,"Rodríguez, Nel",2
1990,"Rojas Garrido, José María",1
1991,"Rojas Tejada de Tronchi, María",1
1992,"Rojas, Aristides",1
1993,"Rojas, Jorge",13
1994,"Rojas, Julio A.",1
1995,"Rojo-Arial, Ignacio",1
1996,"Rollinat, Maurice",2
1997,"Romero A., Ángel María",3
1998,"Romero de Torres, Julio",1
1999,"Romero García, Manuel Vicente",1
2000,"Romero P., Carlos",1
2001,"Romero, J. Rubén",2
2002,"Romero, Manuel Antonio",1
2003,"Romero, Manuel de J.",2
2004,"Root, Elihu",1
2005,"Rosa, Leopoldo de la",10
2006,"Rosales, Carlos N.",2
2007,"Rosales, Víctor Justiniano",1
2008,"Rosas B., Agustín",3
2009,"Rosas, Gabriel",1
2010,"Roscio, Juan G.",1
2011,"Ross, Ronald",1
2012,"Rossel, Juan C.",1
2013,"Rossetti, Dante Gabriel",1
2014,"Rossi Aguiar, Juan C.",1
2015,"Rostand, Edmond",1
2016,"Rouget",5
2017,"Roure, José de",2
2018,"Roux, Hugo Le",1
2019,"Rowe, L. S.",1
2020,"Rozo Martínez, Darío",1
2021,"Rubió y Lluch, Antonio",1
2022,"Rubió y Ors, Joaquín",2
2023,"Rubio, Carlos",1
2024,"Rueda Vargas, Tomás",2
2025,"Rueda, Salvador",3
2026,"Ruíz, Dael",12
2027,"Rusiñol, Santiago",4
2028,"Russel Hart, Francis",1
2029,"Russolo, Luigi",1
2030,"Ruy de Tormes",1
2031,"Ruzo, Daniel",4
2032,"S.",2
2033,"S. M. O.",1
2034,"Saavedra Galindo, José Manuel",1
2035,"Saavedra Molina, Julio",1
2036,"Saavedra, Ángel de",1
2037,"Sabas Alomá, Mariblanca",3
2038,"Sabogal, Mario",1
2039,"Saboya, Adelfa",1
2040,"Sacher-Masoch, Leopold von",2
2041,"Saco, Eduardo",1
2042,"Saco, José Antonio",1
2043,"Saenz, Alberto",1
2044,"Sage, M.",1
2045,"Saint-Victor, Paul de",2
2046,"Sainte-Beuve, Charles-Augustin",1
2047,"Saíz, José María",1
2048,"Salamanca Torres, Demetrio",1
2049,"Salamanca, Alfonso",2
2050,"Salaverría, José María",1
2051,"Salazar Álvarez, José María",1
2052,"Salazar G., Esther",2
2053,"Salazar H., Jerónimo",1
2054,"Salazar, Juan de",1
2055,"Saldarriaga Echeverri, Juan",1
2056,"Saldarriaga, Antonio",1
2057,"Salduba",1
2058,"Salinas, Pedro",1
2059,"Samaniego, Félix María de",2
2060,"Samper de Ancízar, Agripina",1
2061,"Samper, Darío",10
2062,"Samper, Emilio",3
2063,"Samper, José María",1
2064,"Samper, Miguel",1
2065,"Sánchez",2
2066,"Sánchez de Bustamante y Sirvén, Antonio",1
2067,"Sánchez Euse, Gustavo",3
2068,"Sánchez Lafaurie, Juana",3
2069,"Sánchez Montenegro, Víctor",1
2070,"Sánchez Pesquera, Miguel",6
2071,"Sánchez Rojas, José",8
2072,"Sánchez V., Cruz",4
2073,"Sánchez, Alberto",26
2074,"Sánchez, Libia",2
2075,"Sánchez, Luis Alberto",1
2076,"Sánchez, Teodosio V.",1
2077,"Sanín Cano, Baldomero",147
2078,"Sanín R., F. E.",1
2079,"Sanín Villa, Gabriel",1
2080,"Sansores y Pren, Rosario",6
2081,"Santa María, Andrés de",1
2082,"Santamaría de González, Teresa",1
2083,"Santamaría Vermersch, Ricardo",4
2084,"Santamaría, M.",1
2085,"Santamaría, Nepomuceno",1
2086,"Santamaría, Teresita",1
2087,"Santiago Fuentes, Magdalena de",4
2088,"Santos Chocano, José",1
2089,"Santos Millán, Isabel",3
2090,"Santos, Eduardo",3
2091,"Santos, Gustavo",14
2092,"Saravia, Hermógenes",1
2093,"Sarcey, Yvonne",1
2094,"Sarcier, Luis",1
2095,"Sassi, Panfilo",1
2096,"Savage, Richard Henry",6
2097,"Sbarbi y Osuna, José María",1
2098,"Scarpetta, Oswaldo",1
2099,"Schafi, Mirza",1
2100,"Schiller, Friedrich",3
2101,"Schopenhauer, Arthur",2
2102,"Schuler, Ricardo",1
2103,"Schwob, L.",1
2104,"Schwob, Marcel",8
2105,"Scott",1
2106,"Scribe, Eugène",1
2107,"Sèculi Bastida, Enriqueta",1
2108,"Segovia, L.",1
2109,"Ségur, Eugène de",1
2110,"Segura, Silvino",1
2111,"Sepúlveda Mejía, Diógenes",2
2112,"Sepúlveda, Antonio M.",5
2113,"Serao, Matilde",2
2114,"Serna R., Eleuterio",1
2115,"Serrano Blanco, Manuel",1
2116,"Serrano, Marco Aurelio",1
2117,"Severini, Gino",1
2118,"Sevilla, Rafael",1
2119,"Shakespeare, William",2
2120,"Sheperd, William Robert",1
2121,"Shulman, Pola",4
2122,"Sienkiewicz, Henryk",1
2123,"Sierra Carranza, José",3
2124,"Sierra, Justo",1
2125,"Siles, José de",2
2126,"Silva Cruz, Carlos",1
2127,"Silva Vidal, Ismael",1
2128,"Silva, Clímaco",1
2129,"Silva, Eleázar",1
2130,"Silva, José Asunción",28
2131,"Silvela, Francisco",1
2132,"Silvestre, Armand",2
2133,"Sinués de Marco, María del Pilar",1
2134,"Skowronsky, Martín",7
2135,"Smith William, Henry",1
2136,"Smith, Logan Pearsall",4
2137,"Soiza Reilly, Juan José de",1
2138,"Solano Guzmán, Gustavo",1
2139,"Solano Patiño, José",6
2140,"Solano, Armando",4
2141,"Solis Moncada, Jose",1
2142,"Solís Moncada, José",6
2143,"Sonies, Paul",1
2144,"Sor Juana",1
2145,"Sorela, Luis",1
2146,"Soriano y Barroeta-Aldamar, Rodrigo",2
2147,"Sotela Bonilla, Rogelio",1
2148,"Soto Borda, Clímaco",12
2149,"Soto Hall, Máximo",1
2150,"Soto, Aquilino",2
2151,"Soublette, Carlos",1
2152,"Souday, Paul",1
2153,"Sousa de Portugal, Lope de",1
2154,"Spectator",2
2155,"Spencer, Edmund",1
2156,"Stecchetti, Lorenzo",1
2157,"Stockbroker",1
2158,"Storni, Alfonsina",1
2159,"Struss, A.V.",1
2160,"Stulken, Edward H.",1
2161,"Suarès, André",1
2162,"Suárez Murillo, Alberto",3
2163,"Suárez Murillo, Carlos",6
2164,"Suárez, Marco Fidel",2
2165,"Suárez, Roberto",2
2166,"Sucre, Antonio José",1
2167,"Sulia",1
2168,"Susana",6
2169,"T. B. de M.",2
2170,"T. O.",1
2171,"T. P'ss Weekly",1
2172,"Tabares, G.",11
2173,"Tablada, José Juan",2
2174,"Taboada, Luis",4
2175,"Tagore, Rabindranath",17
2176,"Talero Núñez, Eduardo",1
2177,"Talleyrand, Charles Maurice de",1
2178,"Támara, Adolfo",4
2179,"Tamayo, Carlos",1
2180,"Tamayo, Franz",1
2181,"Tarleau, Lisa Ysaye",7
2182,"Tarrida del Mármol, Fernando",1
2183,"Tasso, Torquato",1
2184,"Taunay, Vizconde de",2
2185,"Tavera G., Rafael",1
2186,"Tejada Cano, Luis",4
2187,"Tejada Córdoba, Benjamín",11
2188,"Tejada, Temístocles",1
2189,"Tejera, Felipe",2
2190,"Tennyson, Alfred",1
2191,"Teócrito",1
2192,"Terán, Luis María",1
2193,"Terreros, José",1
2194,"Thad., A., Thomson",1
2195,"The Catholic Herald",1
2196,"The Critic",1
2197,"The Nation",3
2198,"The Outlook",1
2199,"The Times",1
2200,"The Wayfarer",1
2201,"Thein, Max",2
2202,"Thomas, R.",3
2203,"Tinseau, Léon de",1
2204,"Tirado Macías, Ricardo",13
2205,"Tisnés Jiménez, Roberto María",3
2206,"Tobar, Alfonso",1
2207,"Tobón Mejía, Marco",62
2208,"Tobón Olarte, Valerio",1
2209,"Tobón Uribe, L.",3
2210,"Tobón, Lázaro",4
2211,"Toché, Raoul",1
2212,"Tolstói, Lev Nikoláievich",4
2213,"Toro Idárraga, Bernardo",2
2214,"Toro S., Magola",5
2215,"Toro, Antonio J.",1
2216,"Toro, Julio",1
2217,"Toro, Luis A.",3
2218,"Toro, Rita de",1
2219,"Torres Bodet, Jaime",1
2220,"Torres Durán, Carlos",1
2221,"Torres Elicechea, Camilo",2
2222,"Torres Méndez, Ramón",3
2223,"Torres Palau, Lucía",1
2224,"Torres Pinzón, Carlos Arturo",5
2225,"Torres Umaña, Calixto",1
2226,"Torres, Carlos",1
2227,"Torres, Carlos Arturo",10
2228,"Toudouze, Georges-Gustave",1
2229,"Towne, Charles Hansen",1
2230,"Tranquilo, Javier",2
2231,"Trejo, Joaquín",1
2232,"Trespalacios, Jesús María",1
2233,"Triana, A.",3
2234,"Triana, Miguel",8
2235,"Trigo, Felipe",1
2236,"Tulius",1
2237,"Tumiati, Domenico",1
2238,"Turcios, Froylán",1
2239,"Turgenev, Ivan",3
2240,"Twain, Mark",3
2241,"Tyrrel, F. H.",1
2242,"Ugarte, Manuel",3
2243,"Umaña Bernal, José",19
2244,"Un amigo",1
2245,"Un Chileno",1
2246,"Un obrero",1
2247,"Un Sud Americano",1
2248,"Unamuno, Miguel de",24
2249,"Uncal, José María",1
2250,"Urdaneta, Alberto",1
2251,"Uribe Álvarez, Eduardo",1
2252,"Uribe Ángel, Manuel",21
2253,"Uribe Arango, Marcelino",1
2254,"Uribe Escobar, Ricardo",6
2255,"Uribe Gómez, Pedro",5
2256,"Uribe Holguín, Guillermo",2
2257,"Uribe Mejía, Francisco Antonio",3
2258,"Uribe Misas, Alfonso",3
2259,"Uribe Muñoz, Bernardo",5
2260,"Uribe Ospina, Enrique",1
2261,"Uribe Uribe, Amalia",1
2262,"Uribe Uribe, Rafael",2
2263,"Uribe V., Alberto",1
2264,"Uribe Vallejo, Fita",14
2265,"Uribe, A.",1
2266,"Uribe, Amelia",1
2267,"Uribe, Basiliso",1
2268,"Uribe, Consuelo",2
2269,"Uribe, Diego",17
2270,"Uribe, Enrique",1
2271,"Uribe, Francisco Antonio",2
2272,"Uribe, Gustavo",1
2273,"Uribe, Jesús",1
2274,"Uribe, Joaquín Antonio",7
2275,"Uribe, Juan de Dios",1
2276,"Uribe, Martín",1
2277,"Uribe, Tarquino",4
2278,"Urrecha, Federico",1
2279,"Urruchurtu y Lemus, Miguel",1
2280,"Urrutia, Francisco José",3
2281,"V.",15
2282,"V. de Trujillo, Rosa E.",1
2283,"Vaca, Vicente",2
2284,"Vacquerie, Auguste",1
2285,"Valcarce García, Javier",1
2286,"Valdemar, Rubina",1
2287,"Valderrama, Felipe",8
2288,"Valencia",2
2289,"Valencia Villegas, V.",3
2290,"Valencia, Francisco",20
2291,"Valencia, Guillermo",27
2292,"Valencia, Lucía",3
2293,"Valencia, Miguel Santiago",2
2294,"Valenzuela Moreno, Antonio",2
2295,"Valenzuela, Eduardo",1
2296,"Valenzuela, Sergio A.",1
2297,"Valenzuela, Teodoro",1
2298,"Valéry, Paul",11
2299,"Valladarez Márquez, Jorge",1
2300,"Valle-Inclán, Ramón del",9
2301,"Valle, Adolfo de",1
2302,"Valle, Arturo del",1
2303,"Vallejo G., Aurora",1
2304,"Vallejo, Joaquín",2
2305,"Vallenilla Lanz, Laureano",2
2306,"Vallés, L.",1
2307,"Van Tricht, Victor",2
2308,"Vargas Ponce, José María",1
2309,"Vargas Tamayo, Roberto",3
2310,"Vargas Vila, José María",4
2311,"Vargas, Aurelia",1
2312,"Vargas, Justo",1
2313,"Vargas, León",1
2314,"Vargas, Maruja",1
2315,"Varigny, Charles Victor Crosnier",1
2316,"Varona, Enrique José",2
2317,"Vasco Gutiérrez, Eduardo",19
2318,"Vásquez Arrubla, Miguel Ángel",1
2319,"Vásquez Barreneche, Alejandro",1
2320,"Vásquez Flórez, Rafael",1
2321,"Vásquez Guarda, Efraím",1
2322,"Vásquez Vásquez, José",5
2323,"Vásquez, Honorato",1
2324,"Vásquez, Juan de Dios",5
2325,"Vega Escobar, H.",1
2326,"Vega, Alejandro",6
2327,"Vega, Fernando de la",4
2328,"Vega, Garcilaso de la",1
2329,"Vel-Mirovich, Nicholas",1
2330,"Velasco Ibarra, José María",1
2331,"Velásquez",1
2332,"Velásquez Botero, Samuel",18
2333,"Velásquez García, José",46
2334,"Velásquez Mejía, Eliseo",3
2335,"Velásquez Pineda, José",1
2336,"Velásquez V., L.",1
2337,"Velásquez, Edmundo",5
2338,"Velázquez, Alejandro",1
2339,"Vélez Barrientos, Fernando",3
2340,"Vélez Barrientos, Lucrecio",37
2341,"Vélez Carmona, Juan Clímaco",19
2342,"Vélez E., Santiago",3
2343,"Vélez Escobar, Santiago",9
2344,"Vélez Isaza, Bernardo",33
2345,"Vélez S., Gabriela",1
2346,"Vélez Vélez, Eladio",2
2347,"Vélez, Bernardo",1
2348,"Vélez, Bonifacio",4
2349,"Vélez, Eladio",22
2350,"Vélez, Fernando",2
2351,"Vélez, Gabriel",10
2352,"Vélez, J. Emilio",1
2353,"Vélez, Marceliano",2
2354,"Vélez, Salvador",3
2355,"Vélez, Victoriano",13
2356,"Velilla Yepes, Samuel",1
2357,"Velillo, José",14
2358,"Ven-Amur, Alhí",1
2359,"Verb Sap",4
2360,"Verbrugghe, Georges",2
2361,"Verbrugghe, Louis Émile",2
2362,"Verdaguer García, Jaime Tomás de",1
2363,"Vergara Barros, Francisco",4
2364,"Vergara y Vergara, José María",2
2365,"Vergara, Estanislao",1
2366,"Vergel, Leopoldo",1
2367,"Verhaeren, Émile",2
2368,"Verlaine, Paul",3
2369,"Verlet, Raoul Charles",1
2370,"Vial, Hugo",1
2371,"Viana, Javier de",1
2372,"Vicuña Mackenna, Benjamín",1
2373,"Vidal C., Roberto",1
2374,"Vidal Pacheco, Gonzalo",4
2375,"Vidal, Enrique",3
2376,"Vidal, Gonzalo",15
2377,"Vidales, Luis",2
2378,"Vieco Ortiz, Bernardo",1
2379,"Vieco Ortiz, Luis Eduardo",10
2380,"Vieco, Julio N.",1
2381,"Vigil Olid, Constancio Cecilio",4
2382,"Vigny, Alfred de",4
2383,"Vila y Beltrán",1
2384,"Vila, Pablo",2
2385,"Vilariño, Remigio",17
2386,"Vilgio, Leo",1
2387,"Villa Carrasquilla, Jorge",6
2388,"Villa de Toro, Ángela",1
2389,"Villa Echavarría, Ángela",1
2390,"Villa López, Francisco",9
2391,"Villa Mora, Miguel",1
2392,"Villa S., L.",6
2393,"Villa V., José A.",1
2394,"Villa Vélez, Eduardo",2
2395,"Villa, Ángela",2
2396,"Villa, Eduardo",1
2397,"Villaespesa, Francisco",9
2398,"Villafañe, Carlos",11
2399,"Villalonga, Blas de",1
2400,"Villamartín, Isabel de",1
2401,"Villanueva, Carlos A.",4
2402,"Villarraga, Tomás",1
2403,"Villazón, Eliodoro",1
2404,"Villegas Arango, Alfonso",10
2405,"Villegas, Aquilino",9
2406,"Villegas, Luis Eduardo",7
2407,"Villegas, Manuel",1
2408,"Villegas, Marco A.",1
2409,"Villegas, Octavio",1
2410,"Villiers de L'Isle-Adam, Auguste de",2
2411,"Villois, André",1
2412,"Villon, François",1
2413,"Vinyes, Ramón",28
2414,"Vionnet, Marthe",1
2415,"Visan, Tancrède de",1
2416,"Vives, Luis",6
2417,"Volkrecht",1
2418,"Voltaire",1
2419,"von Maiz, Paul",2
2420,"Vornevas, Cilia de",1
2421,"Walter, Robert",2
2422,"Wells, Herbert George",1
2423,"White, Gabriela",2
2424,"Wilde, Oscar",15
2425,"Wilson, Jorge",3
2426,"Wilson, Woodrow",1
2427,"Wolf, Pablo",1
2428,"Wolff, Pierre",1
2429,"Wyzewa, Teodor de",2
2430,"X.",1
2431,"X. X.",1
2432,"Xammar, Eugenio",12
2433,"Xanrof, León",1
2434,"Y.",1
2435,"Yáñez Silva, Nathanael",1
2436,"Yepes Morales, Jesús",18
2437,"Yepes, J. M.",1
2438,"Yepes, Joaquín E.",5
2439,"Yerovi, Leonidas",1
2440,"Yingwu, Wei",2
2441,"Yo",4
2442,"Yver, Colette",1
2443,"Z y Z.",1
2444,"Z. Kano",1
2445,"Zaavedra Zárate, César",2
2446,"Zaldívar, Ignacio de",1
2447,"Zamacois, Eduardo",1
2448,"Zambrana, Florián",1
2449,"Zambrano, María",1
2450,"Zapata A., José Joaquín",1
2451,"Zapata, F.",1
2452,"Zapata, Felipe",1
2453,"Zapata, Pedrito",7
2454,"Zappi, Giambattista Felice",1
2455,"Zarante Rhenals, Sergio",3
2456,"Zarrazola, Pluvio",1
2457,"Zawadsky Colmenares, Alfonso",1
2458,"Zayas, Antonio de",2
2459,"Zea U., Eduardo",1
2460,"Zea Uribe, Luis",1
2461,"Zea, Francisco Antonio",1
2462,"Zéndegui, Gabriel de",6
2463,"Zenea, Juan Clemente",1
2464,"Zola, Émile",2
2465,"Zorrilla de San Martín, Juan",1
2466,"Zuleta Gaviria, Eduardo",6
2467,"Zuleta Gaviria, Juan Antonio",2
2468,"Zuleta, Luis de",3
2469,"Zuluaga y G., Roberto",2
2470,"Zuluaga y Gutiérrez, Alfredo",68
2471,"Zuluaga, Mariano",3
2472,"Zúñiga, Luis Andrés",1
