"node","grado.bimodal","projecteddegree","projectedbetweenness"
"Alpha",263,26,381
"Athenea",125,25,0
"Caminos. Revista Quincenal de Letras",31,21,0
"Claridad: revista semanal",283,25,0
"Cvltura. Revista mensual",114,26,24
"Cyrano",110,22,52
"Cántico",13,7,0
"El Montañés",68,25,50
"El Repertorio. Revista Mensual Ilustrada",79,25,79
"Hispania",274,25,0
"Hojas de Poesía",15,21,27
"La Bohemia Alegre",32,21,0
"La Buena Lectura",173,23,18
"La Escuela Literaria. Publicación mensual",16,2,0
"La Golondrina. Hoja literaria y de variedades",41,17,0
"La Gruta",82,22,2
"La Revista",152,25,0
"Lectura Amena",150,26,34
"Lectura y Arte",84,27,0
"Panida",68,25,0
"Revista Contemporánea",40,16,0
"Revista Contemporánea. Publicación mensual",69,25,2
"Revista Femenina",111,25,0
"Revista Gris",115,25,63
"Revista Literaria. Publicación Mensual",229,25,2
"Revista Moderna. (Enciclopedia colombiana)",140,25,57
"Sábado Revista Semanal",542,27,411
"Trofeos",94,25,43
"A.",0,0,0
"A. A. J.",0,0,0
"A. de M.",0,0,0
"A. G.",0,0,0
"A. H.",0,0,0
"A. Z.",0,0,0
"Abad",0,0,0
"Abella-Nouvrac, Louis",0,0,0
"Abella Mendoza, Temístocles",0,0,0
"Acab Ibisabizurri, Miguel",0,0,0
"Acebal, Francisco",0,0,0
"Acevedo Bernal, Ricardo",0,0,0
"Acevedo, Arturo",0,0,0
"Acevedo, Graciliano",0,0,0
"Acosta de Samper, Soledad",0,0,0
"Acosta y Bello, José Agustín",0,0,0
"Acosta, Javier",0,0,0
"Adiante, Tomás",0,0,0
"Agudelo Mejía, Rosa",0,0,0
"Agudelo, Gilberto",0,0,0
"Agudelo, Gregorio",0,0,0
"Agudelo, Miguel",0,0,0
"Agudelo, Rafael",0,0,0
"Aguilera Herrera, Benjamín",0,0,0
"Aguirre, Carlos Arturo",0,0,0
"Agustín",0,0,0
"Aimayaga, Juan de",0,0,0
"Alarcón, Pedro Antonio de",0,0,0
"Alas, Leopoldo",0,0,0
"Alba Barrenechea, Antonio",0,0,0
"Alba, E.",0,0,0
"Albalat, Antoine",0,0,0
"Alberdi, Juan Bautista",0,0,0
"Albert, Caterina",0,0,0
"Alcalá Galiano, José",0,0,0
"Alcántara Jurado, Francisco",0,0,0
"Alemán, Mateo",0,0,0
"Alexis Rostand, Edmond Eugène",0,0,0
"Aliatar, Alí-Ben",0,0,0
"Allais, Alphonse",0,0,0
"Altamira, Rafael",0,0,0
"Altenberg, Peter",0,0,0
"Altomare, Libero",0,0,0
"Álvarez Bonilla, Enrique",0,0,0
"Álvarez C., Manuel J.",0,0,0
"Álvarez del Vayo, Julio",0,0,0
"Álvarez Lleras, Antonio",0,0,0
"Álvarez Quintero, Joaquín",0,0,0
"Álvarez Quintero, Serafín",0,0,0
"Álvarez R., Lisandro",0,0,0
"Álvarez Ríos, María",0,0,0
"Álvarez, Antonio",0,0,0
"Álvarez, Bernardo",0,0,0
"Alzate B., Delio",0,0,0
"Alzate Noreña, Luis",0,0,0
"Amaru",0,0,0
"Amaya, Euquerio",0,0,0
"Americus",0,0,0
"Amézaga, Carlos Germán",0,0,0
"Amicis, Edmondo de",0,0,0
"Amiel, Henri-Frédéric",0,0,0
"Ancízar, Roberto",0,0,0
"Anderson Morúa, Luis",0,0,0
"Andrade Coello, Alejandro",0,0,0
"Andrade Marín, Francisco",0,0,0
"Andrade, José Arturo",0,0,0
"Andreev, Leonid Nikolaevich",0,0,0
"Andreis, Fernando de",0,0,0
"Ángel Montoya, Alberto",0,0,0
"Ángel, Juan E.",0,0,0
"Angell, George Thorndike",0,0,0
"Angulo J., Enriqueta",0,0,0
"Angulo Peláez, Ligia",0,0,0
"Antoine",0,0,0
"Antommarchi de Rojas, Dorila",0,0,0
"Aparicio, Alberto",0,0,0
"Aponte, E.",0,0,0
"Aragonés, Eutiquio",0,0,0
"Aramburo Restrepo, Gabriel",0,0,0
"Arango Echeverri, Alcides",0,0,0
"Arango Ferrer, Javier",0,0,0
"Arango Jaramillo, Adelfa",0,0,0
"Arango Lalinde, Rafael",0,0,0
"Arango M., Miguel",0,0,0
"Arango Mejía, Gabriel",0,0,0
"Arango Mejía, Juan Bautista",0,0,0
"Arango Ochoa, Eduardo",0,0,0
"Arango R., José Manuel",0,0,0
"Arango, Jorge Luis",0,0,0
"Arango, Olga",0,0,0
"Arango, Pedro C.",0,0,0
"Araquistáin, Luis",0,0,0
"Arboleda, Arturo",0,0,0
"Arbós y Góngora",0,0,0
"Arce, Julio César",0,0,0
"Archer, William",0,0,0
"Arcila, Aníbal",0,0,0
"Arciniegas, Germán",0,0,0
"Arciniegas, Ismael Enrique",0,0,0
"Arenal, Concepción",0,0,0
"Arguedas Díaz, Alcides",0,0,0
"Arias Argáez, Daniel",0,0,0
"Armas, Rafael de",0,0,0
"Arnault, Antoine-Vincent",0,0,0
"Arrieta, Rafael Alberto",0,0,0
"Arriola de Bezoita, Jesús",0,0,0
"Arroyal, León de",0,0,0
"Arteaga, Cristina de",0,0,0
"Arturo, Aurelio",0,0,0
"Asbjørnsen, Peter Christen",0,0,0
"Atehortua, Abelardo",0,0,0
"Ateneo de Buenos Aires",0,0,0
"Attías, Maximiliano",0,0,0
"Aurora",0,0,0
"Avalos Torrens, Pedro",0,0,0
"Ávila, Alfonso María de",0,0,0
"Aza, Vital",0,0,0
"Azurdia, José",0,0,0
"B.",0,0,0
"B. Isaza",0,0,0
"B. M.",0,0,0
"Bacon, Francis",0,0,0
"Badel Martínez, Dimas José",0,0,0
"Baena, Fernando E.",0,0,0
"Bagaría Bou, Luis",0,0,0
"Bahr, Hermann",0,0,0
"Bai, Li",0,0,0
"Balaguer i Cirera, Víctor",0,0,0
"Balart, Federico",0,0,0
"Balbin de Unquera, Antonio",0,0,0
"Balla, Giacomo",0,0,0
"Ballvé, Faustino",0,0,0
"Balseiro, José Agustín",0,0,0
"Baralt, Rafael María",0,0,0
"Baraya, Antonio",0,0,0
"Barbier, Auguste",0,0,0
"Barco, Jesús María",0,0,0
"Bardina Castarà, Joan",0,0,0
"Baring, Maurice",0,0,0
"Barón de Franzenstein",0,0,0
"Barón, Felipe",0,0,0
"Barrau, Théophile",0,0,0
"Barrenechea, Julio",0,0,0
"Barrera Parra, Jaime",0,0,0
"Barrera Vargas, Camilo",0,0,0
"Barrera, Carlos",0,0,0
"Barrès, Maurice",0,0,0
"Barreto, José María",0,0,0
"Barrett, John",0,0,0
"Barrett, Rafael",0,0,0
"Barrientos Conto, A.",0,0,0
"Barriga Páez, Julio",0,0,0
"Barriga S., R. Alberto",0,0,0
"Bárros, José A.",0,0,0
"Bartrina, Joaquín María",0,0,0
"Barzini, Luigi",0,0,0
"Basto, Carlos María",0,0,0
"Bataille, Henry",0,0,0
"Baty, Th.",0,0,0
"Batzojaun",0,0,0
"Baudelaire, Charles",0,0,0
"Bayona Posada, Jorge",0,0,0
"Bayona Posada, Nicolás",0,0,0
"Bazin, René",0,0,0
"Beaunier, André",0,0,0
"Beceridge, Hugh",0,0,0
"Becerra C., Amanda",0,0,0
"Becerra, Ricardo",0,0,0
"Becher, Johannes Robert",0,0,0
"Bécquer, Gustavo Adolfo",0,0,0
"Bedout, C. de",0,0,0
"Bel, León",0,0,0
"Bellaigue, Camile",0,0,0
"Bello, Andrés",0,0,0
"Belloc, Hilaire",0,0,0
"Bellom, Maurice M.",0,0,0
"Benavente, Jacinto",0,0,0
"Benet y Castellón, Eduardo",0,0,0
"Bengoechea, Alfredo de",0,0,0
"Bengoechea, Hernán de",0,0,0
"Berger, Eric",0,0,0
"Bermejo, Luis",0,0,0
"Bernad, Julio",0,0,0
"Bernal Jiménez, Rafael",0,0,0
"Bernal, Luis",0,0,0
"Bernárdez, Francisco Luis",0,0,0
"Berrío París, Julio",0,0,0
"Berthoud, Eugène",0,0,0
"Bértis, Juan",0,0,0
"Bertot, Jean",0,0,0
"Betancourt T., Olga",0,0,0
"Betancourt V., Pedro P.",0,0,0
"Betancourt Villegas, Félix",0,0,0
"Betancourt, José Luis",0,0,0
"Betancourt, Julio",0,0,0
"Betancourt, Pedro Pablo",0,0,0
"Betancourt, Rómulo",0,0,0
"Betancur Arango, Carlos",0,0,0
"Betancur, Cayetano",0,0,0
"Beyle, Henri",0,0,0
"Biart, Lucien",0,0,0
"Bilac, Olavo",0,0,0
"Biroteau, César",0,0,0
"Bissière, Roger",0,0,0
"Bizancio, Luis de",0,0,0
"Blaine, James G.",0,0,0
"Blanc, Charles",0,0,0
"Blanco Asenjo, Ricardo",0,0,0
"Blanco Belmonte, Marcos Rafael",0,0,0
"Blanco Fombona, Horacio",0,0,0
"Blanco Fombona, Rufino",0,0,0
"Blanco Múzquiz, Miguel",0,0,0
"Blanco White, José María",0,0,0
"Blanco y Sánchez, Rufino",0,0,0
"Blanco, Alfredo",0,0,0
"Blanco, Eduardo",0,0,0
"Blanco, Héctor",0,0,0
"Blanco, Ignacio",0,0,0
"Blanco, Julio Enrique",0,0,0
"Blanmoco Beletón, M. R.",0,0,0
"Blasco Ibáñez, Vicente",0,0,0
"Blasco, Eusebio",0,0,0
"Blatz, William Emet",0,0,0
"Blomberg, Héctor Pedro",0,0,0
"Bobadilla, Emilio",0,0,0
"Boccioni, Umberto",0,0,0
"Bocquet, León",0,0,0
"Boëx, Joseph-Henry-Honoré",0,0,0
"Boëx, Séraphin-Justin-François",0,0,0
"Böhl de Faber y Ruiz de Larrea, Cecilia",0,0,0
"Boixet i Castells, Ezequiel",0,0,0
"Bolce, William Harold",0,0,0
"Bolet Peraza, Nicanor",0,0,0
"Bolet, Julio C.",0,0,0
"Bolívar, Simón",0,0,0
"Bonafoux y Quintero, Luis Tulio",0,0,0
"Bonilla y San Martín, Adolfo",0,0,0
"Bonilla, Gustavo",0,0,0
"Bonilla, J.",0,0,0
"Bonilla, Manuel Antonio",0,0,0
"Bonis, J. M.",0,0,0
"Bonnard, Abel",0,0,0
"Bonnard, Sylvestre",0,0,0
"Borda Tanco, Augusto",0,0,0
"Borda, Francisco de Paula",0,0,0
"Borda, José C.",0,0,0
"Borda, José Joaquín",0,0,0
"Bordeaux, Henry",0,0,0
"Bossa Herazo, Donaldo",0,0,0
"Bossa Navarro, Simón",0,0,0
"Botero de Molina, Tila",0,0,0
"Botero Echeverri, Manuel",0,0,0
"Botero García, Emiro",0,0,0
"Botero Guerra, Camilo",0,0,0
"Botero I., Darío",0,0,0
"Botero Isaza, Horacio",0,0,0
"Botero Jiménez, Alberto",0,0,0
"Botero M., David",0,0,0
"Botero Ruiz, Juan José",0,0,0
"Botero Saldarriaga, Roberto",0,0,0
"Botero, Abel",0,0,0
"Botero, Francisco",0,0,0
"Botero, Rafael",0,0,0
"Bouet, Carlos",0,0,0
"Bouhours, FL.",0,0,0
"Bouret, Alonso",0,0,0
"Bourget, Paul",0,0,0
"Bracamonte, Ginés de",0,0,0
"Bravo Duarte, Maruca",0,0,0
"Bravo Márquez, Ricardo",0,0,0
"Bravo Nicholls, Rita",0,0,0
"Bravo, Amadeo",0,0,0
"Bravo, Juan de Dios",0,0,0
"Breen, M.",0,0,0
"Brettes, Joseph de",0,0,0
"Briand, Aristide",0,0,0
"Briceño, Magota",0,0,0
"Briceño, Manuel",0,0,0
"Brisay, Henry de",0,0,0
"Brito, Aníbal",0,0,0
"Brooks, Adam",0,0,0
"Brossa, Jaime",0,0,0
"Brull, Mariano",0,0,0
"Bueno, Manuel",0,0,0
"Bunau-Varilla, Philippe",0,0,0
"Bunker, George C.",0,0,0
"Burgos Vega, Carlos",0,0,0
"Burgos, Juan de",0,0,0
"Burgos, Rafael",0,0,0
"Burns, Robert",0,0,0
"Burton, Francis",0,0,0
"Bustamante, Francisco de",0,0,0
"Butler Loomis, Francis",0,0,0
"Buzzi, Paolo",0,0,0
"Byron, George Gordon",0,0,0
"C.",0,0,0
"C. G. A.",0,0,0
"C. M.",0,0,0
"C. M. A.",0,0,0
"C. R. M de I.",0,0,0
"Caballero, Lucas",0,0,0
"Cabello de Carbonera, Mercedes",0,0,0
"Cabo, Ignacio",0,0,0
"Cabrera, Raimundo",0,0,0
"Cadavid Restrepo, Tomás",0,0,0
"Cadavid Uribe, Alfonso",0,0,0
"Cadavid Uribe, Lorenzo",0,0,0
"Cadenas, José Juan",0,0,0
"Caicedo Rojas, José",0,0,0
"Calcaño, Eduardo",0,0,0
"Calcaño, José Antonio",0,0,0
"Calcaño, Julio",0,0,0
"Caldas, Francisco José de",0,0,0
"Calderón de la Barca, Pedro",0,0,0
"Calderón, Luis Eduardo",0,0,0
"Calderón, Tomás",0,0,0
"Calle, Benjamín de la",0,0,0
"Calle, Miguel María",0,0,0
"Calvo, Luis Antonio",0,0,0
"Camacho Ramírez, Arturo",0,0,0
"Camacho Roldán, Miguel",0,0,0
"Camacho Roldán, Salvador",0,0,0
"Camacho, Fabio",0,0,0
"Camacho, Martín",0,0,0
"Camín, Alfonso",0,0,0
"Campbell, Patrick",0,0,0
"Campillo M., Ricardo",0,0,0
"Campo, Álvaro del",0,0,0
"Campo, Carlos del",0,0,0
"Campo, Diego Martín del",0,0,0
"Campoamor, Ramón de",0,0,0
"Campuzano S., F. Luis",0,0,0
"Canals y Vilaró, Salvador ",0,0,0
"Cancio Tobón, Juan",0,0,0
"Canizales, José David",0,0,0
"Cano Gutiérrez, Fidel",0,0,0
"Cano Isaza, F.",0,0,0
"Cano Villegas, Gabriel",0,0,0
"Cano, Albán",0,0,0
"Cano, Antonio José",0,0,0
"Cano, Francisco Antonio",0,0,0
"Cano, Luis",0,0,0
"Cano, María",0,0,0
"Cantillo, Liborio D.",0,0,0
"Cantó Vilaplana, Gonzalo",0,0,0
"Cañas, Juan José",0,0,0
"Cañete, Manuel",0,0,0
"Caparroso, Carlos Arturo",0,0,0
"Capitán Feyler",0,0,0
"Capuana, Luigi",0,0,0
"Capus, Rafael",0,0,0
"Carbonell, Diego",0,0,0
"Carbonell, Gonzalo",0,0,0
"Cárdenas de Molina, Ana",0,0,0
"Cárdenas Roa, María",0,0,0
"Cárdenas, Bernardino",0,0,0
"Cardona Santa, Francisco",0,0,0
"Carducci, Giosuè",0,0,0
"Carlo, Adelia di",0,0,0
"Carlyle, Thomas",0,0,0
"Carner, Josep",0,0,0
"Carnot, F.",0,0,0
"Caro, José Eusebio",0,0,0
"Caro, Luis Alejandro",0,0,0
"Caro, Miguel Antonio",0,0,0
"Caro, Víctor Eduardo",0,0,0
"Carrà, Carlo",0,0,0
"Carranza, Adolfo Pedro",0,0,0
"Carranza, Eduardo",0,0,0
"Carrasquilla Botero, Juan",0,0,0
"Carrasquilla L., Juan de Dios",0,0,0
"Carrasquilla Mallarino, Eduardo",0,0,0
"Carrasquilla, Rafael María",0,0,0
"Carrasquilla, Ricardo",0,0,0
"Carrasquilla, Tomás",0,0,0
"Carreño, Pedro M.",0,0,0
"Carrere Moreno, Emilio",0,0,0
"Carretero Novillo, José María",0,0,0
"Carricarte, Arturo R. de",0,0,0
"Carriego, Evaristo",0,0,0
"Carrieri, Giuseppe",0,0,0
"Carrillo, Alfonso",0,0,0
"Carrillo, Enrique A.",0,0,0
"Carrión, J. R.",0,0,0
"Carrión, Luis",0,0,0
"Caruso, Enrico",0,0,0
"Carvajal Borrero, Mario",0,0,0
"Carvajal Quintero, Filiberto",0,0,0
"Carvajal, Alberto",0,0,0
"Carvajal, Manuel Antonio",0,0,0
"Carvajal, Mario",0,0,0
"Casal, Julián del",0,0,0
"Casandra",0,0,0
"Casas Castañeda, José Joaquín",0,0,0
"Casas Castañeda, Vicente",0,0,0
"Casas, Pablo I.",0,0,0
"Castanier, Prosper",0,0,0
"Castañeda Aragón, Gregorio",0,0,0
"Castañeda, Manuelito",0,0,0
"Castañeda, Tobías",0,0,0
"Castelar, Emilio",0,0,0
"Castell, Ángel María",0,0,0
"Castello, Carlos",0,0,0
"Castello, Manuel",0,0,0
"Castellón, José",0,0,0
"Castilla Baena, Clodomiro",0,0,0
"Castillo y Guevara, Francisca Josefa de la Concepción del",0,0,0
"Castillo, Eduardo",0,0,0
"Castillo, Gustavo del",0,0,0
"Castillo, José Vicente",0,0,0
"Castoldi, María",0,0,0
"Castro Leal, Antonio",0,0,0
"Castro y Serrano, José de",0,0,0
"Castro, Alfonso",0,0,0
"Castro, Cristóbal de",0,0,0
"Castro, Eugenio de",0,0,0
"Castro, Gabriel",0,0,0
"Castro, Rosalía de",0,0,0
"Catalina, Severo",0,0,0
"Catarineu, Ricardo José",0,0,0
"Catón, Pio",0,0,0
"Cavacchioli, Enrico",0,0,0
"Cavia, Pilar de",0,0,0
"Ceballos Quintana, Enrique",0,0,0
"Ceballos Uribe, Bernardo",0,0,0
"Cervantes Saavedra, Miguel de",0,0,0
"Cervantes, Edmundo",0,0,0
"Cervantes, Próspero",0,0,0
"Cervera, Manuel",0,0,0
"Céspedes, Ángel María",0,0,0
"Cestero, Tulio Manuel",0,0,0
"Chalarca, Antoño",0,0,0
"Champeau, Edmond",0,0,0
"Chantal, Susana",0,0,0
"Charry Lara, Fernando",0,0,0
"Charton, Ernest",0,0,0
"Chaumeix, André",0,0,0
"Chaux, Simón",0,0,0
"Chavarriaga R., Emiro A.",0,0,0
"Chaves Cuervo, Humberto",0,0,0
"Chaves, Francisco",0,0,0
"Chaves, J.R.",0,0,0
"Chávez Franco, Ignacio",0,0,0
"Chejov, Anton Pavlovich",0,0,0
"Chen, Jitong",0,0,0
"Chénier, André",0,0,0
"Chocano, José Santos",0,0,0
"Cifuentes R., Manuel",0,0,0
"Cifuentes, Santos",0,0,0
"Cigarron",0,0,0
"Clapiers, Luc de",0,0,0
"Clara María",0,0,0
"Claretie, Jules",0,0,0
"Claretie, Léo",0,0,0
"Claussen, Sophus",0,0,0
"Clavijo Durán, Antonio",0,0,0
"Cobos, N.",0,0,0
"Cobos, Tristán",0,0,0
"Cock Arango, Alfredo",0,0,0
"Cock Quevedo, Lucía",0,0,0
"Cognetti, Leonardo M.",0,0,0
"Colama y Galcerán, Juan de",0,0,0
"Colín, Eduardo",0,0,0
"Coll, Pedro Emilio",0,0,0
"Collante de Tapia, Lola",0,0,0
"Collas, Louis-Charles",0,0,0
"Colmo, Alfredo",0,0,0
"Cólogan y Cólogan, Bernardo Jacinto de",0,0,0
"Coloma, Luis",0,0,0
"Colombia, Congreso de",0,0,0
"Colombiano",0,0,0
"Colorado, Vicente",0,0,0
"Comert, Marguerite",0,0,0
"Condal, Gustavo",0,0,0
"Consuegra, Manuel S.",0,0,0
"Conte, Juan B.",0,0,0
"Contreras Daza, Antonio J.",0,0,0
"Contreras Daza, Elvira",0,0,0
"Contreras Valenzuela, Francisco",0,0,0
"Contreras, Francisco",0,0,0
"Contreras, Luis Eladio",0,0,0
"Cooke, John Esten",0,0,0
"Coppée, François",0,0,0
"Coradine, Alberto",0,0,0
"Córdova Muñoz, José María",0,0,0
"Cordovez Moure, José María",0,0,0
"Corela, Hugo",0,0,0
"Coromina, Antonio",0,0,0
"Corral, Jesús M. del",0,0,0
"Corral, Luis del",0,0,0
"Corral, M. Antonio del",0,0,0
"Corral, Rafael del",0,0,0
"Corrales, Nora",0,0,0
"Correa",0,0,0
"Correa Arango, Iván",0,0,0
"Correa J., Bernardo",0,0,0
"Correa V., Eduardo",0,0,0
"Correa, Domingo",0,0,0
"Correa, E. A.",0,0,0
"Correa, F.",0,0,0
"Correa, Fidel",0,0,0
"Correa, Luis F.",0,0,0
"Correa, Ramón",0,0,0
"Cortadillo",0,0,0
"Cortázar, Roberto",0,0,0
"Cortés R., Jorge",0,0,0
"Cortés, Narciso Alonso",0,0,0
"Covarrubias, Manuel",0,0,0
"Creppi, C. E.",0,0,0
"Creta, Ruy de",0,0,0
"Creus, E. S.",0,0,0
"Cromer, Lord",0,0,0
"Crooy, Amédée",0,0,0
"Cruz, Efraím de la",0,0,0
"Cruz, Jorge de la",0,0,0
"Cruz, Jorge E.",0,0,0
"Cruz, Juana Inés de la",0,0,0
"Cruz, Mario de la",0,0,0
"Cuartas V., Aníbal",0,0,0
"Cuéllar Durán, Zoilo",0,0,0
"Cuervo Márquez, Carlos",0,0,0
"Cuervo Márquez, Emilio",0,0,0
"Cuervo, Luis Augusto",0,0,0
"Cuervo, Rufino José",0,0,0
"Cuesta B., Víctor de la",0,0,0
"Cunninghame Graham, Robert Bontie",0,0,0
"D'Annunzio, Gabriele",0,0,0
"D'Avenel, Vizconde",0,0,0
"D'Enjoÿ, Paul",0,0,0
"D'Hervilly, Ernest",0,0,0
"D'Orleans, Luis",0,0,0
"D'Ors, Eugenio",0,0,0
"D.",0,0,0
"D’Sola, Juan",0,0,0
"Dahlgren, E. N.",0,0,0
"Darío, Rubén",0,0,0
"Daubney, William Heaford",0,0,0
"Daudet, Alphonse",0,0,0
"Dávila Florez, Manuel",0,0,0
"Dávila, Alfonso",0,0,0
"Davray, Henry-D.",0,0,0
"De Kay, John Wesley",0,0,0
"Dearmer, Geofrey",0,0,0
"Dekker, Eduard Douwes",0,0,0
"Delegación de Colombia en la Conferencia Internacional de la Paz en La Haya en 1907",0,0,0
"Delgado, Jorge E.",0,0,0
"Delgado, Juan B.",0,0,0
"Delgado, Julio E.",0,0,0
"Deschanel, Paul Eugène Louis",0,0,0
"Deslys, Charles",0,0,0
"Desroix, Jacques",0,0,0
"Déubel, Leon",0,0,0
"Dias",0,0,0
"Díaz de Escobar, Narciso",0,0,0
"Díaz del Castillo, Ildefonso",0,0,0
"Díaz Guerra, Alirio",0,0,0
"Díaz Mirón, Salvador",0,0,0
"Díaz Rodríguez, Manuel",0,0,0
"Díaz Romero, Eugenio",0,0,0
"Díaz, Gerardo",0,0,0
"Díaz, Leopoldo",0,0,0
"Díaz, Luis",0,0,0
"Díaz, Pedro Pablo",0,0,0
"Díaz, Ruy",0,0,0
"Dicenta, Joaquín",0,0,0
"Dickinson, Goldsworthy Lowes",0,0,0
"Díez Canedo, Enrique",0,0,0
"Díez Canedo, Manuel",0,0,0
"Díez Ll., Berta",0,0,0
"Diuribía, Marcel",0,0,0
"Doctor Stockmann",0,0,0
"Domingo Siete",0,0,0
"Dominici, Pedro César",0,0,0
"Don Hilario",0,0,0
"Don Sincero",0,0,0
"Don Tancredo",0,0,0
"Donado, Rafael Ángel",0,0,0
"Donato Navarro, Manuel",0,0,0
"Doria, Dora",0,0,0
"Dorn y de Alsúa, Enrique",0,0,0
"Dos Passos, John",0,0,0
"Douglas, James",0,0,0
"Drago, Luis María",0,0,0
"Dumas, Joël",0,0,0
"Dunsany, Edward John Moreton Drax Plunkett",0,0,0
"Duperly, Oscar",0,0,0
"Dupin de Dudevant, Amantine-Aurore-Lucile",0,0,0
"Duque Bernal, Augusto",0,0,0
"Duque Bernal, Mario",0,0,0
"Duque Estrada, Gilberto",0,0,0
"Duque Uribe, Rafael",0,0,0
"Duque, Antonio de J.",0,0,0
"Duque, C.",0,0,0
"Duque, Hernando",0,0,0
"Duque, Vicente",0,0,0
"Dvaipayana, Rechi-krishma",0,0,0
"Dwinger, Edwin Erich",0,0,0
"Dymón",0,0,0
"E. y J.",0,0,0
"E.R.",0,0,0
"E.V.",0,0,0
"Eastman Calderón, Haydeé",0,0,0
"Eastman, María",0,0,0
"Eastman, Tomás Oziel",0,0,0
"Eça de Queirós, José Maria",0,0,0
"Echagüe, Francisco",0,0,0
"Echavarría Vélez, Liborio",0,0,0
"Echavarría, J.",0,0,0
"Echegaray, José",0,0,0
"Echegorri, P.",0,0,0
"Echeverri Abad, Luis Guillermo",0,0,0
"Echeverri Duque, Jesús",0,0,0
"Echeverri, Camilo Antonio",0,0,0
"Echeverría, Eduardo",0,0,0
"Echeverría, Marcelino",0,0,0
"EDOS",0,0,0
"Edwards Mac-clure, Agustín",0,0,0
"Efe y Jota",0,0,0
"El Domingo (periódico)",0,0,0
"El Liberal (Madrid)",0,0,0
"El Lissauer",0,0,0
"El Mercurio de Barcelona",0,0,0
"El Paje Azul",0,0,0
"El Señor X",0,0,0
"El suscrito",0,0,0
"El Tiempo",0,0,0
"Eliot, Thomas Stearns",0,0,0
"English Review",0,0,0
"Epstein, Jean",0,0,0
"Escallón M., Carlos",0,0,0
"Escallón, Rafael",0,0,0
"Escobar G., Arturo",0,0,0
"Escobar Isaza, Roberto",0,0,0
"Escobar Larrazábal, Melitón",0,0,0
"Escobar Padilla, Cenón",0,0,0
"Escobar Pino, Roberto",0,0,0
"Escobar R., Eusebio",0,0,0
"Escobar Roa, Rafael",0,0,0
"Escobar Rojas, Alfredo",0,0,0
"Escobar Rojo, Severo",0,0,0
"Escobar Sarmiento, Ricardo",0,0,0
"Escobar, Camilo Arturo",0,0,0
"Escobar, Felipe S.",0,0,0
"Escobar, Francisco",0,0,0
"Escobar, Lázaro",0,0,0
"Escobar, Mario",0,0,0
"Escobar, Pedro Ignacio",0,0,0
"Escobar, Samuel",0,0,0
"Escovar Gaviria, Gonzalo",0,0,0
"Escovar, José María",0,0,0
"Esguerra Ortiz, Joaquín",0,0,0
"Esguerra, Manuel",0,0,0
"Esguerra, Nicolás",0,0,0
"Esopo",0,0,0
"Esparbès, Georges d'",0,0,0
"Espartaco",0,0,0
"Espino, Miguel Ángel",0,0,0
"Espinosa",0,0,0
"Espinosa Guzmán, Rafael",0,0,0
"Espinosa, Roberto",0,0,0
"Esquivel Obregón, Toribio",0,0,0
"Esse-Hernández, Alfonso",0,0,0
"Estévez, José Mouriño",0,0,0
"Estrada Paniagua, Felipe",0,0,0
"Euse Sánchez, Arturo",0,0,0
"Eusse Sánchez, Arturo",0,0,0
"Ever",0,0,0
"Ewers, Hanns Heinz",0,0,0
"F. B.",0,0,0
"F. de la Barra",0,0,0
"F. R. San Pedro",0,0,0
"F.R.V.",0,0,0
"Fabio",0,0,0
"Fábrega, Pedro",0,0,0
"Facio Lince, José María",0,0,0
"Facio, Justo A.",0,0,0
"Faguet, Émile",0,0,0
"Fajardo, Avelino",0,0,0
"Fallón, Diego",0,0,0
"Fanny",0,0,0
"Farrington, Robert M.",0,0,0
"Fastenrath, Johannes",0,0,0
"Fátima",0,0,0
"Febres Cordero, Tulio",0,0,0
"Fernández Amador, Juan",0,0,0
"Fernández Avendaño, Enrique Wenceslao",0,0,0
"Fernández Botero, Eduardo",0,0,0
"Fernández Bremón, José",0,0,0
"Fernández Flórez, Wenceslao",0,0,0
"Fernández García, Alejandro",0,0,0
"Fernández Grilo, Antonio",0,0,0
"Fernández Guardia, Ricardo",0,0,0
"Fernández Morales, Juanita",0,0,0
"Fernández Ríos, Ovidio",0,0,0
"Fernández Villegas, Francisco",0,0,0
"Fernández, Juan B.",0,0,0
"Fernández, Luis",0,0,0
"Fernández, Manuel María",0,0,0
"Fernández, Rafael César",0,0,0
"Ferragut, Jean",0,0,0
"Ferrari, Emilio",0,0,0
"Ferrer Escobar, Jesús",0,0,0
"Ferrer L., Eduardo",0,0,0
"Ferrer, Jesús",0,0,0
"Ferrer, Marco A.",0,0,0
"Ferrero, Guglielmo",0,0,0
"Fervier, Luis",0,0,0
"Feuillet, Octave",0,0,0
"Féval, Paul",0,0,0
"Filisteo",0,0,0
"Finlayson, Clarence",0,0,0
"Fischer, Léopold de",0,0,0
"Fitzmaurice-Kelly, James",0,0,0
"Flaubert, Gustave",0,0,0
"Fletcher Espinosa, Georgina",0,0,0
"Fleuriot-Kerinou, Francis",0,0,0
"Flores Bermúdez, R.",0,0,0
"Flórez Álvarez, Ester",0,0,0
"Flórez Fernandez, Paz",0,0,0
"Flórez Galindo, Federico",0,0,0
"Flórez, Julio",0,0,0
"Flórez, Nicolás",0,0,0
"Foleÿ, Charles",0,0,0
"Folgore, Luciano",0,0,0
"Folleett Jameson, Helen",0,0,0
"Forero, Guillermo",0,0,0
"Forest, Louis",0,0,0
"Forge, E. de",0,0,0
"Fornaguera, Miguel",0,0,0
"Fort, Paul",0,0,0
"Fouan-Dabeaux, Robert",0,0,0
"Fourrière, Eugène",0,0,0
"Fradique",0,0,0
"France, Anatole",0,0,0
"Francés, José",0,0,0
"Francisco Bruno",0,0,0
"Francisco, Julio de",0,0,0
"Francisco, Ricardo de",0,0,0
"Franco, Enrique",0,0,0
"Franco, Horacio",0,0,0
"Frau Marsal, Lorenzo",0,0,0
"Frederic, Harold",0,0,0
"Frontaura, Carlos",0,0,0
"Fry, Edward",0,0,0
"Fuentes, Ángel",0,0,0
"Fuentes, Eduardo",0,0,0
"Fx. B.",0,0,0
"G.",0,0,0
"G. A.",0,0,0
"G. de. B.",0,0,0
"G. E. C.",0,0,0
"G. M.",0,0,0
"G. M. S.",0,0,0
"G. P. T.",0,0,0
"Gabriac, Alexis de",0,0,0
"Gabriel y Galán, José María",0,0,0
"Gaitán O., Gustavo",0,0,0
"Galán, Julio",0,0,0
"Galindo, Aníbal",0,0,0
"Galindo, Beatriz",0,0,0
"Galindo, Marco Aurelio",0,0,0
"Gallego, Romualdo",0,0,0
"Gallegos, Rómulo",0,0,0
"Gallegos, Salvador",0,0,0
"Gálvez Barrenechea, José",0,0,0
"Gálvez, Manuel",0,0,0
"Gamboa, Francisco Antonio",0,0,0
"Gamboa, Isaías",0,0,0
"Gamboa, Mateo",0,0,0
"Gamoneda, Erasmo",0,0,0
"Ganivet, Ángel",0,0,0
"Garavito Armero, Julio",0,0,0
"Garay Díaz, Narciso",0,0,0
"Garay, Epifanio",0,0,0
"Garcés, Enrique",0,0,0
"Garcés, Leopoldo",0,0,0
"García Calderón, Francisco",0,0,0
"García Calvo, Federico",0,0,0
"García Carraffa, Arturo",0,0,0
"García de la Barga y Gómez de la Serna, Andrés",0,0,0
"García Herreros, Manuel",0,0,0
"García Jove, Joaquín",0,0,0
"García Lorca, Federico",0,0,0
"García Mérou, Martín",0,0,0
"García Morales, Pedro",0,0,0
"García Ortiz, Laureano",0,0,0
"García Rico, Francisco",0,0,0
"García Sanchiz, Federico",0,0,0
"García Sierra, Miguel",0,0,0
"García Valencia, Julio César",0,0,0
"García Zamudio, Nicolás",0,0,0
"García, A.",0,0,0
"García, Evaristo",0,0,0
"García, Juan Agustín",0,0,0
"García, Juan Crisóstomo",0,0,0
"García, Juan Manuel",0,0,0
"García, Octavio",0,0,0
"Gardiner, Alfred George",0,0,0
"Garrido Merino, Edgardo",0,0,0
"Gartner de la Cuesta, Jorge",0,0,0
"Gartner, Fabio",0,0,0
"Gartner, Hugo",0,0,0
"Gaspar de la Noche",0,0,0
"Gautier",0,0,0
"Gautier, Judith",0,0,0
"Gautier, Théophile",0,0,0
"Gaviria Arango, Enrique",0,0,0
"Gaviria Echavarría, Nicolás",0,0,0
"Gaviria Isaza, Henrique",0,0,0
"Gaviria, José A.",0,0,0
"Gaviria, Luis M.",0,0,0
"Gebhart, Émile",0,0,0
"Gener, Pompeyo",0,0,0
"Genta de Lockhart, Estrella",0,0,0
"Gerbasi, Vicente",0,0,0
"Gerin, Gabriel",0,0,0
"Gervais, Paul",0,0,0
"Gide, André",0,0,0
"Gil Fortoul, José",0,0,0
"Gil Madrigal, Gil Juvenal",0,0,0
"Gil Sánchez, Alberto",0,0,0
"Gil, Constantino",0,0,0
"Gil, P.P.",0,0,0
"Gil, Ricardo",0,0,0
"Gil, Rivero",0,0,0
"Gilder, Richard Watson",0,0,0
"Gill, Charles",0,0,0
"Giraldo, Francisco",0,0,0
"Giraud, Victor",0,0,0
"Girón, Lázaro María",0,0,0
"Godoy Alcayaga, Lucila",0,0,0
"Goenaga, Florentino",0,0,0
"Goenaga, José Manuel",0,0,0
"Goethe, Johann Wolfgang von",0,0,0
"Gómez",0,0,0
"Gómez Barrientos, Estanislao",0,0,0
"Gómez Bravo, Vicente",0,0,0
"Gómez Carrillo, Enrique",0,0,0
"Gómez Corena, Pedro",0,0,0
"Gómez de Baquero, Eduardo",0,0,0
"Gómez de Castro, Julio",0,0,0
"Gómez de la Serna, Ramón",0,0,0
"Gómez E., Bernardo",0,0,0
"Gómez Escobar, Francisco",0,0,0
"Gómez H., Berta",0,0,0
"Gómez Henao, Graciela",0,0,0
"Gómez Jaime de Abadía, Herminia",0,0,0
"Gómez Jaime, Alfredo",0,0,0
"Gómez Jaramillo, Ignacio",0,0,0
"Gómez Martínez, Carlos",0,0,0
"Gómez Martínez, Fernando",0,0,0
"Gómez Naranjo, Abelardo",0,0,0
"Gómez R., José J.",0,0,0
"Gómez Restrepo, Antonio",0,0,0
"Gómez Rodeles, Cecilio",0,0,0
"Gómez, Alfonso Javier",0,0,0
"Gómez, Angélica",0,0,0
"Gómez, Bernardo",0,0,0
"Gómez, Bernardo E.",0,0,0
"Gómez, Carlos E.",0,0,0
"Gómez, Enrique",0,0,0
"Gómez, Isabel",0,0,0
"Gómez, Jacobo",0,0,0
"Gómez, Jaime Alfredo",0,0,0
"Gómez, Javier Alfonso",0,0,0
"Gómez, Juan Nepomuceno",0,0,0
"Gómez, Lucas",0,0,0
"Gómez, Obdulio",0,0,0
"Gómez, Pedro Nel",0,0,0
"Gómez, Plinio",0,0,0
"Gomperz, Theodor",0,0,0
"Gonzaga Urbina, Luis",0,0,0
"González Arrili, Bernardo",0,0,0
"González Barrero, Rafael",0,0,0
"González Blanco, Andrés",0,0,0
"González Blanco, Pedro",0,0,0
"González Borrero, Manuel",0,0,0
"González Fiol, Enrique",0,0,0
"González G., Ángela",0,0,0
"González G., D.",0,0,0
"González Gómez, José Ignacio",0,0,0
"González Gómez, José María",0,0,0
"González González, Margarita",0,0,0
"González Martínez, Enrique",0,0,0
"González Martínez, Manuel",0,0,0
"González Obregón, Luis",0,0,0
"González Ochoa, Fernando",0,0,0
"González Posada, Adolfo",0,0,0
"González Serrano, Urbano",0,0,0
"González Suárez, Federico",0,0,0
"González Tapia, Julieta",0,0,0
"González Torres, A.",0,0,0
"González Vélez, Ernesto María",0,0,0
"González y Fernández, Anastasio Anselmo",0,0,0
"González, Domitila",0,0,0
"González, José Ignacio",0,0,0
"González, Juan José",0,0,0
"Goovaerts, Agustín",0,0,0
"Gorki, Maksim",0,0,0
"Gourmont, Remy de",0,0,0
"Goya, Antonio",0,0,0
"Goyau, Georges",0,0,0
"Graa, Gertrud",0,0,0
"Graf, Arturo",0,0,0
"Gramont, Luciano",0,0,0
"Grant, Allen",0,0,0
"Gras y Elías, Francisco",0,0,0
"Grégory, Pedro N.",0,0,0
"Greiff, Carlos de",0,0,0
"Greiff, Jorge de",0,0,0
"Greiff, León de",0,0,0
"Greiff, Luis de",0,0,0
"Greiff, Otto de",0,0,0
"Greiffenstein A., Luz",0,0,0
"Greiffenstein, Ricardo",0,0,0
"Gremil, Manuel",0,0,0
"Grillo, Maximiliano",0,0,0
"Groot, José Manuel",0,0,0
"Grün, A.",0,0,0
"Guaraya y Lezema, Antonio",0,0,0
"Guardia, Ernesto de la",0,0,0
"Guarín, David",0,0,0
"Güell, Joaquín M.",0,0,0
"Guérin, Charles",0,0,0
"Guérin, Maurice de",0,0,0
"Guerra Azuola, Ramón",0,0,0
"Guerra, Martín",0,0,0
"Guerrero, José Enrique",0,0,0
"Guerrero, Rafael",0,0,0
"Guerrini, Olindo",0,0,0
"Guillén, Alberto",0,0,0
"Gumucio, Adulfo de",0,0,0
"Gunnar Hede",0,0,0
"Gutiérrez",0,0,0
"Gutiérrez B., Germán",0,0,0
"Gutiérrez Calderón, Teodoro",0,0,0
"Gutiérrez de Alba, José María",0,0,0
"Gutiérrez González, Gregorio",0,0,0
"Gutiérrez J., Guillermo",0,0,0
"Gutiérrez Nájera, Manuel",0,0,0
"Gutiérrez Ponce, Ignacio",0,0,0
"Gutiérrez Robledo, Julio",0,0,0
"Gutiérrez Samper, M.",0,0,0
"Gutiérrez y Gutiérrez, Francisco Antonio",0,0,0
"Gutiérrez, Benigno A.",0,0,0
"Gutiérrez, Felipe Santiago",0,0,0
"Gutiérrez, Luis",0,0,0
"Gutiérrez, Ricardo",0,0,0
"Gutiérrez, Vicente",0,0,0
"Guyau, Jean-Marie",0,0,0
"Guzmán Esponda, Eduardo",0,0,0
"Guzmán, César Coronado",0,0,0
"Guzmán, Julio Alfredo de",0,0,0
"Hafis",0,0,0
"Hagopian, Yervant",0,0,0
"Haraucourt, Edmond",0,0,0
"Harding, Earl",0,0,0
"Hardy, Arthur Sherburne",0,0,0
"Harinas, Juancho",0,0,0
"Haring, Clarence Henry",0,0,0
"Haro, Eduardo",0,0,0
"Hawthorne, Nathaniel",0,0,0
"Haynes, Edmund Sidney Pollock",0,0,0
"Heaford, William",0,0,0
"Hearn, Lafcadio",0,0,0
"Heine, Heinrich",0,0,0
"Henao, Federico Carlos",0,0,0
"Henao, Januario",0,0,0
"Henderson, James",0,0,0
"Hephel",0,0,0
"Heredia Márquez, Francisco de",0,0,0
"Heredia, José-Maria de",0,0,0
"Herman, B. A.",0,0,0
"Hermant, Abel",0,0,0
"Hernández Catá, Alfonso",0,0,0
"Hernández Mesa, Mauro",0,0,0
"Hernández O., Blas",0,0,0
"Hernández y Lesmes, Guillermo",0,0,0
"Hernández, Luis María",0,0,0
"Hernández, Manuel A.",0,0,0
"Herrán, Francisco J.",0,0,0
"Herrán, Pablo Emilio",0,0,0
"Herrera y Reissig, Julio",0,0,0
"Herrera, Adán",0,0,0
"Herrera, Benjamín",0,0,0
"Herrera, Flavio",0,0,0
"Herrera, Luis Alberto de",0,0,0
"Herzig, George",0,0,0
"Hibbard Kemp, Harry",0,0,0
"Hidalgo Lara, Tomás",0,0,0
"Hinestroza Daza, Ricardo",0,0,0
"Hispania",274,25,0
