"Revista","NumContribucion","Titulo","Fasciculo","Fecha","Fecha.ISO","Colaborador","SeudonimoFirma","Sexo","PaisOrigen","Nacimiento","Muerte","Traduccion","Traductor","Lengua","LenguaOriginal","Tipo","TipoIndice","Dedicatoria","ObrasResenadas","CantitadPaginas","Paginacion"
"Alpha","142","La colación del perro (Anarquismo)","Año II. Número 14","febrero de 1907","1907-02-01","Rachilde",NA,"F","Francia","1860","1953","Sí","Anónimo","Español","Francés","Prosa Ficción",NA,"Colliere, Marcel",NA,4.3,"562-566"
"Alpha","564","Poemas en prosa","Año VI. Número 61-62","febrero de 1911","1911-02-01","Gautier, Judith",NA,"F","Francia","1845","1917","Sí","R.B.S.","Español","Francés","Poesía","Poesía",NA,NA,1,"44"
"Alpha","641","Cruz y raya","Año VI. Número 71-72","diciembre de 1911","1911-12-01","Albert, Caterina","Víctor Català","F","España","1869","1966","Sí","Anónimo","Español","Catalán","Prosa Ficción","Cuento",NA,NA,8,"460-467"
"Alpha","723","De educación femenina","Año VII. Número 81-82","noviembre de 1912","1912-11-01","Karr, Carmen",NA,"F","España","1865","1943","No",NA,"Español",NA,"Prosa No Ficción",NA,NA,NA,12.5,"370-382"
"Athenea","1a",NA,"1",NA,"1927-04-01","Olózaga de Cabo, Susana",NA,"F","Colombia","1880",NA,"No",NA,"Español",NA,"Prosa No Ficción",NA,NA,NA,1,NA
"Athenea","1b",NA,"1",NA,"1927-04-01","Restrepo Castro, Ana",NA,"F","Colombia",NA,NA,"No",NA,"Español",NA,"Prosa No Ficción",NA,NA,NA,1,NA
"Athenea","10",NA,"1",NA,"1927-04-01","Uribe Vallejo, Fita",NA,"F","Colombia","1903",NA,"No",NA,"Español",NA,"Prosa Ficción",NA,NA,NA,0.1,"4"
"Athenea","20","Tres pajaros….","1",NA,"1927-04-01","Angulo J., Enriqueta",NA,"F","Colombia",NA,NA,"No",NA,"Español",NA,"Prosa Ficción",NA,"""A una querida amiga que cultiva la cultura y a ratos la murmuración"".",NA,1,"10"
"Athenea","23","Estímulos","1",NA,"1927-04-01","Uribe Vallejo, Fita",NA,"F","Colombia","1903",NA,"No",NA,"Español",NA,"Prosa No Ficción","Estímulos",NA,NA,0.1,"11"
"Athenea","34a",NA,"2",NA,"1927-05-01","Olózaga de Cabo, Susana",NA,"F","Colombia","1880",NA,"No",NA,"Español",NA,"Prosa No Ficción",NA,NA,NA,1,NA
"Athenea","34b",NA,"2",NA,"1927-05-01","Restrepo Castro, Ana",NA,"F","Colombia",NA,NA,"No",NA,"Español",NA,"Prosa No Ficción",NA,NA,NA,1,NA
"Athenea","41b","""Athenea""","2",NA,"1927-05-01","Lopera Berrío, Emilia",NA,"F","Colombia","1875","1931","No",NA,"Español",NA,"Prosa No Ficción",NA,NA,NA,0.6,"21-22"
"Athenea","45","De nuestros colaboradores","2",NA,"1927-05-01","Cock Quevedo, Lucía",NA,"F","Colombia","1906","1980","No",NA,"Español",NA,"Prosa No Ficción",NA,"A Doña Susana Olózaga de Cabo y a Doña Fita Uribe",NA,0.1,"25"
"Athenea","58","Preguntas y respuestas","2",NA,"1927-05-01","Restrepo Castro, Ana",NA,"F","Colombia",NA,NA,"No",NA,"Español",NA,"Prosa No Ficción","Preguntas y respuestas",NA,NA,0.1,"31"
"Athenea","74","Motivos (A través del pensamiento)","3",NA,"1927-06-01","Uribe Vallejo, Fita",NA,"F","Colombia","1903",NA,"No",NA,"Español",NA,"Prosa Ficción","Motivos",NA,NA,0.3,"40"
"Athenea","74","Motivos (Invernal)","3",NA,"1927-06-01","Uribe Vallejo, Fita",NA,"F","Colombia","1903",NA,"No",NA,"Español",NA,"Prosa Ficción","Motivos",NA,NA,0.2,"40"
"Athenea","82","Página de los niños. Carta a los niños","3",NA,"1927-06-01","Lovell, Mary Frances","Lovell, María F.","F","Reino Unido","1844","1932","Sí","Anónimo","Español","Inglés","Prosa No Ficción","Carta",NA,NA,0.6,"45"
"Athenea","89a","El monumento a la madre","4",NA,"1927-06-15","Olózaga de Cabo, Susana",NA,"F","Colombia","1880",NA,"No",NA,"Español",NA,"Prosa No Ficción",NA,NA,NA,1,"49"
"Athenea","89b","El monumento a la madre","4",NA,"1927-06-15","Restrepo Castro, Ana",NA,"F","Colombia",NA,NA,"No",NA,"Español",NA,"Prosa No Ficción",NA,NA,NA,1,"49"
"Athenea","90","Marzia de Luzignan","4",NA,"1927-06-15","Sánchez Lafaurie, Juana","Marzia de Luzignan","F","Colombia","1908",NA,"No",NA,"Español",NA,"Prosa No Ficción",NA,"Para la Revista femenina Athenea, con la más franca y decidida simpatía",NA,0.5,"50"
"Athenea","93","Cuentos cortos: Aurora del Real","4",NA,"1927-06-15","Uribe Vallejo, Fita",NA,"F","Colombia","1903",NA,"No",NA,"Español",NA,"Prosa Ficción","Cuento corto",NA,NA,0.6,"52"
"Athenea","103","Página de los niños.","4",NA,"1927-06-15","Lovell, Mary Frances","Lovell, María F.","F","Reino Unido","1844","1932","Sí","Anónimo","Español","Inglés","Prosa No Ficción","Carta",NA,NA,0.5,"60"
"Athenea","105","Cartas","4","Mayo 7 de 1927","1927-06-15","Sánchez Lafaurie, Juana","Marzia de Luzignan","F","Colombia","1908",NA,"No",NA,"Español",NA,"Prosa No Ficción","Carta",NA,NA,0.2,"62"
"Athenea","106","Preguntas y respuestas","4",NA,"1927-06-15","Restrepo Castro, Ana",NA,"F","Colombia",NA,NA,"No",NA,"Español",NA,"Prosa No Ficción","Preguntas y respuestas",NA,NA,0.5,"63"
"Athenea","109a","La mujer colombiana","5",NA,"1927-07-01","Olózaga de Cabo, Susana",NA,"F","Colombia","1880",NA,"No",NA,"Español",NA,"Prosa No Ficción",NA,NA,NA,1,NA
"Athenea","109b","La mujer colombiana","5",NA,"1927-07-01","Restrepo Castro, Ana",NA,"F","Colombia",NA,NA,"No",NA,"Español",NA,"Prosa No Ficción",NA,NA,NA,1,NA
"Athenea","113","Bajo la noche","5",NA,"1927-07-01","Uribe Vallejo, Fita",NA,"F","Colombia","1903",NA,"No",NA,"Español",NA,"Prosa Ficción",NA,NA,NA,0.2,"69"
"Athenea","113","Plegaria","5",NA,"1927-07-01","Uribe Vallejo, Fita",NA,"F","Colombia","1903",NA,"No",NA,"Español",NA,"Poesía",NA,NA,NA,0.3,"69"
"Athenea","113","Canción crepuscular","5",NA,"1927-07-01","Uribe Vallejo, Fita",NA,"F","Colombia","1903",NA,"No",NA,"Español",NA,"Poesía",NA,NA,NA,0.2,"69"
"Athenea","114","Lindbergh","5",NA,"1927-07-01","Montoya de Restrepo, Graciela",NA,"F","Colombia","1876",NA,"No",NA,"Español",NA,"Prosa No Ficción",NA,NA,NA,0.8,"70"
"Athenea","117","Maden Style","5",NA,"1927-07-01","Cárdenas Roa, María","Luz Stella","F","Colombia","1890","1969","No",NA,"Español",NA,"Poesía",NA,"Para ""Athenea"" con mi admiración fraterna",NA,1,"72"
"Athenea","118","Cromos","5",NA,"1927-07-01","Jaramillo Gaitán, Uva",NA,"F","Colombia","1893","1945","No",NA,"Español",NA,"Prosa No Ficción",NA,"Especial para ""Athenea""",NA,0.4,"73"
"Athenea","119","¡Amor!","5",NA,"1927-07-01","Santos Millán, Isabel","Itsih","F","Colombia","1902","2001","No",NA,"Español",NA,"Prosa Ficción",NA,"Original para ""Athenea""",NA,0.2,"73"
"Athenea","132a","La mujer en la universidad","6",NA,"1927-07-15","Olózaga de Cabo, Susana",NA,"F","Colombia","1880",NA,"No",NA,"Español",NA,"Prosa No Ficción",NA,NA,NA,1,NA
"Athenea","132b","La mujer en la universidad","6",NA,"1927-07-15","Restrepo Castro, Ana",NA,"F","Colombia",NA,NA,"No",NA,"Español",NA,"Prosa No Ficción",NA,NA,NA,1,NA
"Athenea","134","La mujer con dedal","6",NA,"1927-07-15","Fletcher Espinosa, Georgina",NA,"F","España",NA,NA,"No",NA,"Español",NA,"Prosa No Ficción",NA,NA,NA,1,"84"
"Athenea","136",NA,"6",NA,"1927-07-15","Dupin de Dudevant, Amantine-Aurore-Lucile","George Sand","F","Francia","1804","1876","Sí","Anónimo","Español","Francés","Prosa No Ficción",NA,NA,NA,0.1,"85"
"Athenea","136",NA,"6",NA,"1927-07-15","L'Enclos, Anne de","de Lenclos, Ninon","F","Francia","1620","1705","Sí","Anónimo","Español","Francés","Prosa No Ficción",NA,NA,NA,0.1,"85"
"Athenea","139",NA,"6","Mayo 22 de 1927","1927-07-15","Santos Millán, Isabel","Itsih","F","Colombia","1902","2001","No",NA,"Español",NA,"Prosa No Ficción",NA,NA,NA,0.2,"87"
"Athenea","140","A mi hijo Omar","6",NA,"1927-07-15","Isaza de Jaramillo Meza, Blanca",NA,"F","Colombia","1898","1967","No",NA,"Español",NA,"Poesía",NA,"Especial para ""Athenea""",NA,0.5,"88"
"Athenea","143","De nuestros colaboradores","6","Mayo 23 de 1927","1927-07-15","Fletcher Espinosa, Georgina",NA,"F","España",NA,NA,"No",NA,"Español",NA,"Prosa No Ficción",NA,NA,NA,0.4,"92"
"Athenea","151a","Es preciso leer","8",NA,"1927-09-01","Olózaga de Cabo, Susana",NA,"F","Colombia","1880",NA,"No",NA,"Español",NA,"Prosa No Ficción",NA,NA,NA,1,NA
"Athenea","151b","Es preciso leer","8",NA,"1927-09-01","Restrepo Castro, Ana",NA,"F","Colombia",NA,NA,"No",NA,"Español",NA,"Prosa No Ficción",NA,NA,NA,1,NA
"Athenea","176a","Jorge Isaacs","9",NA,"1927-10-01","Olózaga de Cabo, Susana",NA,"F","Colombia","1880",NA,"No",NA,"Español",NA,"Prosa No Ficción",NA,NA,NA,1,NA
"Athenea","176b","Jorge Isaacs","9",NA,"1927-10-01","Uribe Vallejo, Fita",NA,"F","Colombia","1903",NA,"No",NA,"Español",NA,"Prosa No Ficción",NA,NA,NA,1,NA
"Athenea","181","Lucha de un alma","9",NA,"1927-10-01","Santos Millán, Isabel","Itsih","F","Colombia","1902","2001","No",NA,"Español",NA,"Prosa Ficción",NA,NA,NA,2.4,"133-135"
"Athenea","184","La promesa","9",NA,"1927-10-01","Ibarbourou, Juana de",NA,"F","Uruguay","1892","1979","No",NA,"Español",NA,"Poesía",NA,NA,NA,0.2,"136"
"Athenea","185","Vida aldeana","9",NA,"1927-10-01","Ibarbourou, Juana de",NA,"F","Uruguay","1892","1979","No",NA,"Español",NA,"Poesía",NA,NA,NA,0.2,"136"
"Athenea","186","Mis versos","9",NA,"1927-10-01","Luisi, Luisa","Luisi Janicki, Luisa","F","Uruguay","1883","1940","No",NA,"Español",NA,"Poesía",NA,NA,NA,0.2,"136"
"Athenea","187","Fue un viento de tragedia…","9",NA,"1927-10-01","Luisi, Luisa","Luisi Janicki, Luisa","F","Uruguay","1883","1940","No",NA,"Español",NA,"Poesía",NA,NA,NA,0.2,"136"
"Athenea","219a","Importante reforma","11",NA,"1927-12-01","Olózaga de Cabo, Susana",NA,"F","Colombia","1880",NA,"No",NA,"Español",NA,"Prosa No Ficción",NA,NA,NA,1,NA
"Athenea","219b","Importante reforma","11",NA,"1927-12-01","Uribe Vallejo, Fita",NA,"F","Colombia","1903",NA,"No",NA,"Español",NA,"Prosa No Ficción",NA,NA,NA,1,NA
"Athenea","226","Para las damas. La fiesta de la costura","11",NA,"1927-12-01","Fletcher Espinosa, Georgina",NA,"F","España",NA,NA,"No",NA,"Español",NA,"Prosa No Ficción",NA,NA,NA,1,"168-169"
"Athenea","228","Nochebuena?","11",NA,"1927-12-01","Gómez Henao, Graciela",NA,"F","Colombia",NA,NA,"No",NA,"Español",NA,"Poesía",NA,NA,NA,0.9,"170-171"
"Athenea","237a","Tomás Carrasquilla","12",NA,"1928-01-01","Olózaga de Cabo, Susana",NA,"F","Colombia","1880",NA,"No",NA,"Español",NA,"Prosa No Ficción",NA,NA,NA,0.8,"177"
"Athenea","237b","Tomás Carrasquilla","12",NA,"1928-01-01","Uribe Vallejo, Fita",NA,"F","Colombia","1903",NA,"No",NA,"Español",NA,"Prosa No Ficción",NA,NA,NA,0.8,"177"
"Athenea","248","La prenda","12",NA,"1928-01-01","Lowell, Amy",NA,"F","Estados Unidos","1874","1925","Sí","Anónimo","Español","Inglés","Poesía",NA,NA,NA,0.2,"182"
"Athenea","256","Pensamientos","12",NA,"1928-01-01","Rieux, Fanny-Adèle de","Madame de Rieux","F","Francia","1854","1929","Sí","Anónimo","Español","Francés","Prosa Ficción",NA,NA,NA,0.1,"187"
"La Buena Lectura","22","Traición y Castigo","2","octubre 15 de 1910","1910-10-15","Acosta de Samper, Soledad",NA,"F","Colombia","1833","1913","No",NA,"Español",NA,"Prosa No Ficción","Historia Patria",NA,NA,4,"37-41"
"La Buena Lectura","25","Lili","2","octubre 5 de 1910","1910-10-05","Santiago Fuentes, Magdalena de",NA,"F","España","1873","1922","No",NA,"Español",NA,"Prosa Ficción","Variedades",NA,NA,2.5,"50-53"
"La Buena Lectura","42","Los Zapatitos Azules","4","noviembre 15 de 1910","1910-11-15","Ligerot, Marguerite","Dombre, Roger","F","Francia","1859","1914","Sí","Anónimo","Español","Francés","Prosa Ficción","Variedades",NA,NA,1.8,"86-87"
"La Buena Lectura","79","Carta al Cielo","9","15 de febrero de 1911","1911-02-15","Santiago Fuentes, Magdalena de",NA,"F","España","1873","1922","No",NA,"Español",NA,"Prosa No Ficción","Variedades",NA,NA,7.4,"193-199"
"La Buena Lectura","114","Otro Añito","11","15 de marzo de 1911","1911-03-15","Pardo Bazán, Emilia",NA,"F","España","1851","1921","No",NA,"Español",NA,"Prosa Ficción","Variedades",NA,NA,2.8,"255-257"
"La Buena Lectura","122","Las Malas Lecturas","12","1 de abril de 1911","1911-04-01","Cavia, Pilar de",NA,"F","España","1860","1935","No",NA,"Español",NA,"Poesía","Variedades",NA,NA,1,"271"
"La Buena Lectura","136","Presente de Reyes","13","15 de abril de 1911","1911-04-15","Castro, Rosalía de",NA,"F","España","1837","1885","No",NA,"Español",NA,"Prosa Ficción","Variedades",NA,NA,2.2,"298-300"
"La Buena Lectura","180","Chucho","17","15 de julio de 1911","1911-07-15","Pardo Bazán, Emilia","Condesa de Pardo Bazan","F","España","1851","1921","No",NA,"Español",NA,"Prosa Ficción","Variedades",NA,NA,2.8,"388-390"
"La Buena Lectura","205","Poetas Cristianos","19","15 de agosto","1911-08-15","Cavia, Pilar de",NA,"F","España","1860","1935","No",NA,"Español",NA,"Poesía","Variedades",NA,NA,1,"438"
"La Buena Lectura","236","La Conversión de Nohemi","21","15 de septiembre de 1911","1911-09-15","Santiago Fuentes, Magdalena de",NA,"F","España","1873","1922","No",NA,"Español",NA,"Prosa Ficción","Variedades",NA,NA,2.5,"493-495"
"La Buena Lectura","245","La Conversión de Nohemi","22","1 de octubre de 1911","1911-10-01","Santiago Fuentes, Magdalena de",NA,"F","España","1873","1922","No",NA,"Español",NA,"Prosa Ficción","Variedades",NA,NA,5.5,"508-513"
"La Buena Lectura","259","Una broma pontificia","23","15 de octubre de 1911","1911-10-15","Pardo Bazán, Emilia",NA,"F","España","1851","1921","No",NA,"Español",NA,"Prosa Ficción","Sección Infantil",NA,NA,3.5,"535-538"
"La Buena Lectura","267","Bajo la Bandera","24","1 de noviembre de 1911","1911-11-01","Gómez Jaime de Abadía, Herminia",NA,"F","Colombia","1861","1926","No",NA,"Español",NA,"Prosa Ficción","Variedades",NA,NA,4,"551-555"
"La Buena Lectura","267","Bajo la Bandera","24","1 de noviembre de 1911","1911-11-01","Gómez Jaime de Abadía, Herminia",NA,"F","Colombia","1861","1926","No",NA,"Español",NA,"Prosa Ficción","Variedades",NA,NA,4,"551-555"
"La Buena Lectura","277","El Principe Visionario","25","15 de noviembre de 1911","1911-11-15","Castro, Rosalía de",NA,"F","España","1837","1885","No",NA,"Español",NA,"Prosa No Ficción","Variedades",NA,NA,1,"584-585"
"Caminos. Revista Quincenal de Letras","76","Las horas pasan","3","1 de marzo de 1922","1922-03-01","Sansores y Pren, Rosario",NA,"F","México","1889","1972","No",NA,"Español",NA,"Poesía",NA,NA,NA,0.6,"90"
"Caminos. Revista Quincenal de Letras","77","Aurea","3","1 de marzo de 1922","1922-03-01","Sansores y Pren, Rosario",NA,"F","México","1889","1972","No",NA,"Español",NA,"Poesía",NA,NA,NA,0.4,"90"
"Caminos. Revista Quincenal de Letras","78","La casa vacía","3","1 de marzo de 1922","1922-03-01","Sansores y Pren, Rosario",NA,"F","México","1889","1972","No",NA,"Español",NA,"Poesía",NA,NA,NA,0.5,"91"
"Claridad: revista semanal","36","Le quiero","2","Marzo 15 de 1930","1930-03-15","Arteaga, Cristina de",NA,"F","España","1902","1984","No",NA,"Español",NA,"Poesía",NA,NA,NA,1,"62"
"Claridad: revista semanal","121","¡Ocultáte, Duneya!","6","Abril 12 de 1930","1930-04-12","Eastman, María",NA,"F","Colombia","1901","1947","No",NA,"Español",NA,"Prosa Ficción",NA,NA,NA,1,"228"
"Claridad: revista semanal","252","Amor","12","Mayo 24 de 1930","1930-05-24","Angulo Peláez, Ligia",NA,"F","Colombia","1910","2002","No",NA,"Español",NA,"Poesía",NA,NA,NA,0.5,"494"
"Claridad: revista semanal","270","Nocturno","13","Mayo 31 de 1930","1930-05-31","Angulo Peláez, Ligia",NA,"F","Colombia","1910","2002","No",NA,"Español",NA,"Poesía",NA,NA,NA,1,"528"
"Claridad: revista semanal","356","Un lunes en la madrugada","16","Junio 21 de 1930","1930-06-21","Parra, Teresa de la",NA,"F","Venezuela","1889","1936","No",NA,"Español",NA,"Prosa Ficción",NA,NA,NA,2.6,"673-675"
"Claridad: revista semanal","524","La paz. Preocupación por la mujeres","24","Agosto 16 de 1930","1930-08-16","Sabas Alomá, Mariblanca",NA,"F","Cuba","1901","1983","No",NA,"Español",NA,"Prosa No Ficción",NA,NA,NA,2,"1154-1156"
"Claridad: revista semanal","662","Sobre feminismo","31","Octubre 4 de 1930","1930-10-04","Santamaría de González, Teresa",NA,"F","Colombia","1897","1985","No",NA,"","","Prosa No Ficción",NA,"Yepes Morales, Jesús; López Sanín, Jorge ",NA,1.6,"1482-1483"
"Claridad: revista semanal","672","El refractario","31","Octubre 4 de 1930","1930-10-04","Eastman, María",NA,"F","Colombia","1901","1947","No",NA,"","","Prosa Ficción","Cuento",NA,NA,2.5,"1505-1507"
"Claridad: revista semanal","924","Conversión","39-40","Diciembre 17 de 1930","1930-12-17","Angulo Peláez, Ligia",NA,"F","Colombia","1910","2002","No",NA,"","","Poesía",NA,NA,NA,1,"1940"
"Cvltura. Revista mensual","114","ALMA CONQUISTADORA","10","DICIEMBRE, MCMXV","1915-12-01","Gómez Jaime de Abadía, Herminia","G. J. de Abadía, Herminia","F","Colombia","1861","1926","No",NA,"Español",NA,"Prosa Ficción","Leyenda histórica",NA,NA,9.4,"294- 303"
"Cvltura. Revista mensual","114","ALMA CONQUISTADORA","10","DICIEMBRE, MCMXV","1915-12-01","Gómez Jaime de Abadía, Herminia","G. J. de Abadía, Herminia","F","Colombia","1861","1926","No",NA,"Español",NA,"Prosa Ficción","Leyenda histórica",NA,NA,9.4,"294- 303"
"Cyrano","93","Farina","6","Octubre 9 de 1921","1921-10-09","Cano, María",NA,"F","Colombia","1887","1969","No",NA,"Español",NA,"Poesía",NA,NA,NA,0.6,"66"
"Cyrano","104","Símbolo","7","Octubre 16 de 1921","1921-10-16","Cano, María","Castillo, Helena","F","Colombia","1887","1969","No",NA,"Español",NA,"Prosa Ficción",NA,NA,NA,0.5,"79"
"Cyrano","132","Gracia","9","Octubre 30 de 1921","1921-10-30","Cano, María","Castillo, Helena","F","Colombia","1887","1969","No",NA,"Español",NA,"Prosa Ficción",NA,NA,NA,1,"102"
"Cyrano","149","Cuento","10","Noviembre 6 de 1921","1921-11-06","Cano, María","Castillo, Helena","F","Colombia","1887","1969","No",NA,"Español",NA,"Prosa Ficción",NA,NA,NA,2,"118-119"
"Cyrano","160","De la vida","11","Noviembre 13 de 1921","1921-11-13","Cano, María","Castillo, Helena","F","Colombia","1887","1969","No",NA,"Español",NA,"Prosa Ficción",NA,NA,NA,1,"126"
"Cyrano","200","La carreta","15","Diciembre 11 de 1921","1921-12-11","Cano, María","Castillo, Helena","F","Colombia","1887","1969","No",NA,"Español",NA,"Prosa Ficción",NA,NA,NA,0.6,"173-174"
"Cyrano","214","Amor y psiquis","16","Diciembre 18 de 1921","1921-12-18","Cano, María",NA,"F","Colombia","1887","1969","No",NA,"Español",NA,"Prosa Ficción",NA,NA,NA,0.6,"184-185"
"Cyrano","227","De navidad","17","Enero 29 de 1922","1922-01-29","Cano, María",NA,"F","Colombia","1887","1969","No",NA,"Español",NA,"Prosa Ficción",NA,NA,NA,1,"197"
"Cyrano","263","Azahares","20","Febrero 20 de 1922","1922-02-20","Cano, María",NA,"F","Colombia","1887","1969","No",NA,"Español",NA,"Prosa Ficción",NA,NA,NA,1.2,"232-233"
"Cyrano","271","Palpitaciones","21","Octubre 7 de 1922","1922-10-07","Cano, María",NA,"F","Colombia","1887","1969","No",NA,"Español",NA,"Prosa Ficción",NA,NA,NA,0.2,"245"
"Cyrano","272","Bosquejos","21","Octubre 7 de 1922","1922-10-07","Uribe Vallejo, Fita",NA,"F","Colombia","1903",NA,"No",NA,"Español",NA,"Prosa Ficción",NA,NA,NA,0.2,"245"
"Cyrano","293","Rosa de dolor","23","Octubre 26 de 1922","1922-10-26","Cano, María",NA,"F","Colombia","1887","1969","No",NA,"Español",NA,"Prosa Ficción",NA,NA,NA,0.5,"269"
"Cyrano","315","Cuadro negro","24","Noviembre 2 de 1922","1922-11-02","Uribe Vallejo, Fita",NA,"F","Colombia","1903",NA,"No",NA,"Español",NA,"Prosa Ficción",NA,NA,NA,0.3,"289"
"Cyrano","319","Pinceladas","25","Noviembre 10 de 1922","1922-11-10","Uribe Vallejo, Fita",NA,"F","Colombia","1903",NA,"No",NA,"Español",NA,"Prosa Ficción",NA,NA,NA,0.3,"293"
"Cyrano","330","Luz viva","26","Noviembre 18 de 1922","1922-11-18","Cano, María",NA,"F","Colombia","1887","1969","No",NA,"Español",NA,"Prosa No Ficción",NA,NA,NA,0.8,"304-305"
"Cyrano","349","¿........?","28","Diciembre 4 de 1922","1922-12-04","Cano, María",NA,"F","Colombia","1887","1969","No",NA,"Español",NA,"Prosa Ficción",NA,NA,NA,2,"327-328"
"Cyrano","353","Memo","28","Diciembre 4 de 1922","1922-12-04","Jaramillo Gaitán, Uva",NA,"F","Colombia","1893","1945","No",NA,"Español",NA,"Prosa Ficción",NA,NA,NA,1.2,"331-332"
"Cyrano","364","Tú","29","Diciembre 9 de 1922","1922-12-09","Cano, María",NA,"F","Colombia","1887","1969","No",NA,"Español",NA,"Prosa Ficción",NA,NA,NA,0.5,"348"
"Cyrano","381","Juventud eterna","31","Diciembre 28 de 1922","1922-12-28","Cano, María",NA,"F","Colombia","1887","1969","No",NA,"Español",NA,"Prosa Ficción",NA,NA,NA,0.5,"369"
"Cyrano","411","Humano","33","Enero 11 de 1923","1923-01-11","Cano, María",NA,"F","Colombia","1887","1969","No",NA,"Español",NA,"Prosa Ficción",NA,NA,NA,0.4,"389"
"Cyrano","412","Sonrisa","33","Enero 11 de 1923","1923-01-11","Cano, María",NA,"F","Colombia","1887","1969","No",NA,"Español",NA,"Prosa Ficción",NA,NA,NA,0.5,"389-390"
"Cyrano","430","Cyrano","35","Enero 25 de 1923","1923-01-25","Cano, María",NA,"F","Colombia","1887","1969","No",NA,"Español",NA,"Poesía",NA,NA,NA,0.4,"417"
"Cyrano","445","Motivos breves","36","Febrero 1 de 1923","1923-02-01","Isaza de Jaramillo Meza, Blanca",NA,"F","Colombia","1898","1967","No",NA,"Español",NA,"Prosa Ficción",NA,NA,NA,0.7,"428"
"Cyrano","450","Sed","36","Febrero 1 de 1923","1923-02-01","Cano, María",NA,"F","Colombia","1887","1969","No",NA,"Español",NA,"Prosa Ficción",NA,"Carvajal Quintero, Filiberto, Filiberto",NA,0.6,"430"
"Cyrano","498","Vivir","39","Marzo 2 de 1923","1923-03-02","Cano, María",NA,"F","Colombia","1887","1969","No",NA,"Español",NA,"Prosa Ficción",NA,NA,NA,1.4,"467-468"
"Revista Femenina","4","¿Cumplen las normales una función social?","1 (Año I)","Octubre de 1938","1938-10-01","Eastman, María",NA,"F","Colombia","1901","1947","No",NA,"Español",NA,"Prosa No Ficción",NA,NA,NA,3,"4-6"
"Revista Femenina","11","Nociones de historia del arte","1 (Año I)","Octubre de 1938","1938-10-01","Restrepo Gaviria, Tulia",NA,"F","Colombia","1890",NA,"No",NA,"Español",NA,"Prosa No Ficción","Estudio",NA,NA,3,"31-33"
"Revista Femenina","13","Poesías (Trasatlántico)","1 (Año I)","Octubre de 1938","1938-10-01","Méndez Cuesta, Concepción","Concha Méndez","F","España","1898","1986","No",NA,"Español",NA,"Poesía","Poesías",NA,NA,1,"44"
"Revista Femenina","13","Poesías (Malva y rosa)","1 (Año I)","Octubre de 1938","1938-10-01","Méndez Cuesta, Concepción","Concha Méndez","F","España","1898","1986","No",NA,"Español",NA,"Poesía","Poesías",NA,NA,0.5,"45"
"Revista Femenina","13","Poesías (Al nacer cada mañana)","1 (Año I)","Octubre de 1938","1938-10-01","Méndez Cuesta, Concepción","Concha Méndez","F","España","1898","1986","No",NA,"Español",NA,"Poesía","Poesías",NA,NA,0.5,"45"
"Revista Femenina","28","Está nuestra salvación moral en el divorcio?","2 (Año I)","Noviembre de 1938","1938-11-01","Sánchez Lafaurie, Juana","Marzia de Luzignan","F","Colombia","1908",NA,"No",NA,"Español",NA,"Prosa No Ficción",NA,NA,NA,18,"73-90"
"Revista Femenina","31","Sección de Filosofía. Ante la ""Introducción a la teoría de la ciencia"", de Fichte","2 (Año I)","Noviembre de 1938","1938-11-01","Zambrano, María",NA,"F","España","1904","1991","No",NA,"Español",NA,"Prosa No Ficción",NA,NA,NA,9,"100-108"
"Revista Femenina","32","El alma de la mujer","2 (Año I)","Noviembre de 1938","1938-11-01","Lombroso, Gina",NA,"F","Italia","1872","1944","Sí","Anónimo","Español","Italiano","Prosa No Ficción",NA,NA,NA,3,"109-111"
"Revista Femenina","35","El más allá","2 (Año I)","Noviembre de 1938","1938-11-01","Genta de Lockhart, Estrella",NA,"F","Uruguay","1917","1979","No",NA,"Español",NA,"Prosa Ficción",NA,"Dedicado a la ""Revista Femenina""",NA,0.6,"117"
"Revista Femenina","35","Las raíces","2 (Año I)","Noviembre de 1938","1938-11-01","Genta de Lockhart, Estrella",NA,"F","Uruguay","1917","1979","No",NA,"Español",NA,"Poesía",NA,NA,NA,0.4,"117"
"Revista Femenina","39","Sección de arte. Nociones de historia del arte","2 (Año I)","Noviembre de 1938","1938-11-01","Restrepo Gaviria, Tulia",NA,"F","Colombia","1890",NA,"No",NA,"Español",NA,"Prosa No Ficción",NA,NA,NA,5.6,"124-129"
"Revista Femenina","40","Retratos de mujeres","2 (Año I)","Noviembre de 1938","1938-11-01","Sèculi Bastida, Enriqueta",NA,"F","España","1897","1976","No",NA,"Español",NA,"Prosa No Ficción","Retrato",NA,NA,4.6,"129-134"
"Revista Femenina","63","Nociones de historia del arte","3 (Año I)","Junio de 1939","1939-06-01","Restrepo Gaviria, Tulia",NA,"F","Colombia","1890",NA,"No",NA,"Español",NA,"Prosa No Ficción",NA,NA,NA,2.7,"213-216"
"Revista Femenina","63","Nociones de historia del arte","3 (Año I)","Junio de 1939","1939-06-01","Restrepo Gaviria, Tulia",NA,"F","Colombia","1890",NA,"No",NA,"Español",NA,"Prosa No Ficción",NA,NA,NA,2.7,"213-216"
"Revista Femenina","63","Templo Caldeo","3 (Año I)","Junio de 1939","1939-06-01","Restrepo Gaviria, Tulia",NA,"F","Colombia","1890",NA,"No",NA,NA,NA,"Imagen",NA,NA,NA,0.8,"214"
"Revista Femenina","63","Toro alado","3 (Año I)","Junio de 1939","1939-06-01","Restrepo Gaviria, Tulia",NA,"F","Colombia","1890",NA,"No",NA,NA,NA,"Imagen",NA,NA,NA,0.5,"216"
"Revista Femenina","64","El alma de la mujer","3 (Año I)","Junio de 1939","1939-06-01","Lombroso, Gina",NA,"F","Italia","1872","1944","Sí","Anónimo","Español","Italiano","Prosa No Ficción",NA,NA,NA,4,"217-220"
"Revista Femenina","66","Sección de literatura. Soneto de Sor Juana Inés de la Cruz","3 (Año I)","Junio de 1939","1939-06-01","Cruz, Juana Inés de la","Sor Juana Inés de la Cruz","F","México","1648 o 1651","1695","No",NA,"Español",NA,"Poesía","Soneto",NA,NA,1,"221"
"Revista Femenina","66","Sección de literatura. Poesía","3 (Año I)","Junio de 1939","1939-06-01","Castillo y Guevara, Francisca Josefa de la Concepción del","Sor Francisca Josefa del Castillo","F","Colombia","1671","1742","No",NA,"Español",NA,"Poesía",NA,NA,NA,1,"222"
"Revista Femenina","68","Sección de variedades. El fastidio","3 (Año I)","Junio de 1939","1939-06-01","Sarcey, Yvonne",NA,"F","Francia","1869","1950","Sí","Anónimo","Español","Francés","Prosa No Ficción",NA,NA,NA,1.5,"229-230"
"Revista Femenina","74","Orientaciones","4","Julio de 1940","1940-07-01","López Restrepo, María",NA,"F","Colombia",NA,NA,"No",NA,"Español",NA,"Prosa No Ficción",NA,NA,NA,1,"3"
"Revista Femenina","77a","Sección de Historia","4","Julio de 1940","1940-07-01","Moreno, Albertina",NA,"F","Colombia","1917","2002","No",NA,"Español",NA,"Prosa No Ficción",NA,NA,NA,1,"7"
"Revista Femenina","81","La infancia portico de la vida","4","Julio de 1940","1940-07-01","Villa de Toro, Ángela",NA,"F","Colombia",NA,NA,"No",NA,"Español",NA,"Prosa No Ficción",NA,NA,NA,9,"16-24"
"Revista Femenina","82","Protocolo de la correspondencia","4","Julio de 1940","1940-07-01","Restrepo Gaviria, Tulia",NA,"F","Colombia","1890",NA,"No",NA,"Español",NA,"Prosa No Ficción","Conferencia",NA,NA,7,"25-31"
"Revista Femenina","83","Seccion de Literatura. Motivo otoñal","4","Julio de 1940","1940-07-01","Isaza de Jaramillo Meza, Blanca",NA,"F","Colombia","1898","1967","No",NA,"Español",NA,"Poesía",NA,NA,NA,1,"32"
"Revista Femenina","100","Colombia insular","5","Octubre de 1940","1940-10-01","White, Gabriela",NA,"F","Colombia","1913","1991","No",NA,"Español",NA,"Prosa No Ficción",NA,NA,NA,2,"10-11"
"Revista Femenina","100",NA,"5","Octubre de 1940","1940-10-01","White, Gabriela",NA,"F","Colombia","1913","1991","No",NA,NA,NA,"Imagen",NA,NA,NA,1,NA
"Revista Femenina","101","Sección de Historia. Crucigrama. Jugando con Heródoto","5","Octubre de 1940","1940-10-01","Moreno, Albertina",NA,"F","Colombia","1917","2002","No",NA,"Español",NA,"Prosa No Ficción","Crucigrama",NA,NA,3,"12-14"
"Revista Femenina","103","""Ilustraciones de mimetismo"" ","5","Octubre de 1940","1940-10-01","Uribe, Consuelo",NA,"F","Colombia",NA,NA,"No",NA,NA,NA,"Imagen",NA,NA,NA,1,NA
"Revista Femenina","103","""Ilustraciones de mimetismo"" ","5","Octubre de 1940","1940-10-01","Uribe, Consuelo",NA,"F","Colombia",NA,NA,"No",NA,NA,NA,"Imagen",NA,NA,NA,0.2,"21"
"Revista Femenina","104","Protocolo","5","Octubre de 1940","1940-10-01","Restrepo Gaviria, Tulia",NA,"F","Colombia","1890",NA,"No",NA,"Español",NA,"Prosa No Ficción",NA,NA,NA,5,"21-26"
"Revista Femenina","105","Sección de literatura. Un secreto","5","Octubre de 1940","1940-10-01","Mejía Morales, Dolly",NA,"F","Colombia","1920","1975","No",NA,"Español",NA,"Prosa Ficción",NA,NA,NA,1,"27"
"Revista Femenina","109","Historia del arte","5","Octubre de 1940","1940-10-01","Restrepo Gaviria, Tulia",NA,"F","Colombia","1890",NA,"No",NA,"Español",NA,"Prosa No Ficción",NA,NA,NA,4.2,"32-35"
"Revista Femenina","110","Sección informativa. Notas de América","5","Octubre de 1940","1940-10-01","López Restrepo, María",NA,"F","Colombia",NA,NA,"No",NA,"Español",NA,"Prosa No Ficción",NA,NA,NA,1,"36"
"Revista Femenina","125","Juego histórico","6","Mayo de 1941","1941-05-01","Moreno, Albertina",NA,"F","Colombia","1917","2002","No",NA,"Español",NA,"Prosa No Ficción",NA,NA,NA,1,"15"
"Revista Femenina","126","Crucigrama","6","Mayo de 1941","1941-05-01","Moreno, Albertina",NA,"F","Colombia","1917","2002","No",NA,"Español",NA,"Prosa No Ficción","Crucigrama",NA,NA,5,"16-20"
"Revista Femenina","127","Colonias europeas en América","6","Mayo de 1941","1941-05-01","Mejía Morales, Dolly",NA,"F","Colombia","1920","1975","No",NA,"Español",NA,"Prosa No Ficción",NA,NA,NA,6,"21-26"
"Revista Femenina","129","Literatura. Tu ausencia","6","Mayo de 1941","1941-05-01","Mejía Morales, Dolly",NA,"F","Colombia","1920","1975","No",NA,"Español",NA,"Poesía",NA,NA,NA,1,"32"
"Revista Femenina","130","Protocolo","6","Mayo de 1941","1941-05-01","Restrepo Gaviria, Tulia",NA,"F","Colombia","1890",NA,"No",NA,"Español",NA,"Prosa No Ficción",NA,NA,NA,2,"33-34"
"Revista Femenina","131","Sección informativa. Notas de América","6","Mayo de 1941","1941-05-01","López Restrepo, María",NA,"F","Colombia",NA,NA,"No",NA,"Español",NA,"Prosa No Ficción",NA,NA,NA,2,"35-36"
"Revista Femenina","133","Los libros","6","Mayo de 1941","1941-05-01","Morales, Inés",NA,"F","Colombia","1918",NA,"No",NA,"Español",NA,"Prosa No Ficción","Apuntes",NA,NA,2,"39-40"
"Revista Femenina","145","Historia. Conceptos que se deslizan","7","Agosto de 1941","1941-08-01","Moreno, Albertina",NA,"F","Colombia","1917","2002","No",NA,"Español",NA,"Prosa No Ficción",NA,NA,NA,4,"27-30"
"Revista Femenina","149","El ensayo","7","Agosto de 1941","1941-08-01","Eastman Calderón, Haydeé",NA,"F","Colombia","1916","1989","No",NA,"Español",NA,"Prosa No Ficción",NA,NA,NA,9,"43-51"
"Revista Femenina","151","El loco","7","Agosto de 1941","1941-08-01","González, Domitila",NA,"F","Colombia",NA,NA,"No",NA,"Español",NA,"Prosa Ficción",NA,NA,NA,2,"56-57"
"Revista Femenina","153","Protocolo. Orden de precedencia en Colombia","7","Agosto de 1941","1941-08-01","Restrepo Gaviria, Tulia",NA,"F","Colombia","1890",NA,"No",NA,"Español",NA,"Prosa No Ficción",NA,NA,NA,3,"61-63"
"Revista Femenina","156","Información Día Olímpico","7","Agosto de 1941","1941-08-01","López Restrepo, María",NA,"F","Colombia",NA,NA,"No",NA,"Español",NA,"Prosa No Ficción",NA,NA,NA,1,"67"
"Revista Femenina","157","Notas de América","7","Agosto de 1941","1941-08-01","López Restrepo, María",NA,"F","Colombia",NA,NA,"No",NA,"Español",NA,"Prosa No Ficción",NA,NA,NA,1.5,"68-69"
"Revista Femenina","174","Historia. Expresiones de hombres célebres","8","Noviembre de 1941","1941-11-01","Moreno, Albertina",NA,"F","Colombia","1917","2002","No",NA,"Español",NA,"Prosa No Ficción",NA,NA,NA,2,"29-30"
"Revista Femenina","178","Literatura. Flores del mar","8","Noviembre de 1941","1941-11-01","González, Domitila",NA,"F","Colombia",NA,NA,"No",NA,"Español",NA,"Prosa Ficción",NA,NA,NA,2.3,"37-39"
"Revista Femenina","179","Angustia","8","Noviembre de 1941","1941-11-01","Mejía Morales, Dolly",NA,"F","Colombia","1920","1975","No",NA,"Español",NA,"Poesía",NA,NA,NA,2,"40-41"
"Revista Femenina","181","Poemas del ayer","8","Noviembre de 1941","1941-11-01","Bravo Duarte, Maruca","Edith Telica","F","Nicaragua","1921","2000","No",NA,"Español",NA,"Poesía","Poema","Para la ""Revista Femenina""",NA,1,"45"
"Revista Femenina","182","Poemas amargos","8","Noviembre de 1941","1941-11-01","Bravo Duarte, Maruca","Edith Telica","F","Nicaragua","1921","2000","No",NA,"Español",NA,"Poesía","Poema","Inédito para ""Revista Femenina""",NA,1.4,"46-47"
"Revista Femenina","183","El duende","8","Noviembre de 1941","1941-11-01","Bravo Duarte, Maruca","Edith Telica","F","Nicaragua","1921","2000","No",NA,"Español",NA,"Poesía","Poema","Para la ""Revista Femenina""",NA,0.6,"47"
"Revista Femenina","187","Sección informativa. Bibliografía","8","Noviembre de 1941","1941-11-01","López Restrepo, María",NA,"F","Colombia",NA,NA,"No",NA,"Español",NA,"Reseña",NA,NA,"Los grandes músicos",3,"59-61"
"Revista Femenina","188","Notas de América","8","Noviembre de 1941","1941-11-01","López Restrepo, María",NA,"F","Colombia",NA,NA,"No",NA,"Español",NA,"Prosa No Ficción",NA,NA,NA,2,"62-63"
"Revista Femenina","200","Un periodo de transición en el aprendizaje de la lectura","11","Junio de 1943","1943-06-01","Rojas Tejada de Tronchi, María",NA,"F","Colombia","1877","1967","No",NA,"Español",NA,"Prosa No Ficción",NA,NA,NA,3.9,"4-7"
"Revista Femenina","205","Ellas…..","11","Junio de 1943","1943-06-01","González, Domitila",NA,"F","Colombia",NA,NA,"No",NA,"Español",NA,"Prosa No Ficción",NA,NA,NA,6.9,"12-18"
"Revista Femenina","214b","Ciencias naturales. Formación de la perla","11","Junio de 1943","1943-06-01","Posada, Fanny",NA,"F","Colombia","1928","2018","No",NA,"Español",NA,"Prosa No Ficción",NA,NA,NA,1.8,"35-36"
"Revista Femenina","216","Esbozo","11","Junio de 1943","1943-06-01","Morales, María Luz",NA,"F","España","1889","1980","No",NA,"Español",NA,"Prosa No Ficción","Esbozo",NA,NA,2.3,"37-39"
"Revista Femenina","218","Renunciamiento","11","Junio de 1943","1943-06-01","Mejía Morales, Dolly",NA,"F","Colombia","1920","1975","No",NA,"Español",NA,"Prosa Ficción",NA,NA,NA,4.1,"41-45"
"Revista Femenina","221","Poesías. Encuentro","11","Junio de 1943","1943-06-01","Álvarez Ríos, María",NA,"F","Cuba","1919","2010","No",NA,"Español",NA,"Poesía",NA,NA,NA,1,"49"
"Revista Femenina","222","La señal","11","Junio de 1943","1943-06-01","Álvarez Ríos, María",NA,"F","Cuba","1919","2010","No",NA,"Español",NA,"Poesía",NA,NA,NA,0.5,"50"
"Revista Femenina","223","(De mis miniaturas)","11","Junio de 1943","1943-06-01","Álvarez Ríos, María",NA,"F","Cuba","1919","2010","No",NA,"Español",NA,"Poesía",NA,NA,NA,0.5,"50"
"Revista Femenina","224","A sus ojos","11","Junio de 1943","1943-06-01","Álvarez Ríos, María",NA,"F","Cuba","1919","2010","No",NA,"Español",NA,"Poesía",NA,NA,NA,0.6,"51"
"Revista Femenina","225","Después","11","Junio de 1943","1943-06-01","Álvarez Ríos, María",NA,"F","Cuba","1919","2010","No",NA,"Español",NA,"Poesía",NA,NA,NA,0.6,"51"
"Revista Femenina","227","Sección informativa. Bibliografías","11","Junio de 1943","1943-06-01","López Restrepo, María",NA,"F","Colombia",NA,NA,"No",NA,"Español",NA,"Prosa No Ficción",NA,NA,NA,0.7,"53"
"Revista Femenina","232","Vida escolar 1942","11","Junio de 1943","1943-06-01","Mejía Morales, Dolly",NA,"F","Colombia","1920","1975","No",NA,"Español",NA,"Prosa No Ficción",NA,NA,NA,2.3,"58-60"
"Revista Femenina","244","Historia. La mujer en la historia (continuación)","12","Octubre de 1943","1943-10-01","Moreno, Albertina",NA,"F","Colombia","1917","2002","No",NA,"Español",NA,"Prosa No Ficción",NA,NA,NA,5,"16-20"
"Revista Femenina","251b","Ciencias naturales. La pesca de perlas","12","Octubre de 1943","1943-10-01","Posada, Fanny",NA,"F","Colombia","1928","2018","No",NA,"Español",NA,"Prosa No Ficción",NA,NA,NA,1.8,"27-28"
"Revista Femenina","255a","Guillermo Valencia. Datos biográficos 1873-1943","12","Octubre de 1943","1943-10-01","López Restrepo, María",NA,"F","Colombia",NA,NA,"No",NA,"Español",NA,"Prosa No Ficción","Biografía",NA,NA,2,"32-33"
"Revista Femenina","264","Si tu me quisieras…...","12","Octubre de 1943","1943-10-01","Mejía Morales, Dolly",NA,"F","Colombia","1920","1975","No",NA,"Español",NA,"Poesía",NA,NA,NA,1,"51"
"Revista Femenina","267","Sección informativa. Notas de América","12","Octubre de 1943","1943-10-01","López Restrepo, María",NA,"F","Colombia",NA,NA,"No",NA,"Español",NA,"Prosa No Ficción",NA,NA,NA,1.2,"55-56"
"La Golondrina. Hoja literaria y de variedades","19","SILVA. A DIOS (DEDICADA EN PRUEBA DE CARIÑO Y AFECTO PROFUNDOS Á MI SEÑORA DOÑA P. DE B.)","2","3 de junio de 1881","1881-06-03","Montes del Valle, Agripina",NA,"F","Colombia","1844","1912","No",NA,"Español",NA,"Poesía","Poema","P. de B",NA,0.6,"11"
"La Gruta","41","El Dr. José M. González B.","3","3 de agosto de 1903","1903-08-03","Montes del Valle, Agripina",NA,"F","Colombia","1844","1912","No",NA,"Español",NA,"Prosa No Ficción",NA,NA,NA,0.6,"46-47"
"La Gruta","55","El sepulcro vacío","5","24 de agosto de 1903","1903-08-24","Flórez Álvarez, Ester","Floralba","F","Colombia",NA,NA,"No",NA,"Español",NA,"Prosa No Ficción",NA,"Cuellar, Fanny",NA,3,"70-73"
"La Gruta","239","Resurrección","21","25 de diciembre de 1903","1903-12-25","Montes del Valle, Agripina",NA,"F","Colombia","1844","1912","No",NA,"Español",NA,"Poesía",NA,"Gómez, Ezequiel",NA,1,"278"
"La Gruta","253","Confidencias","23","8 de febrero de 1904","1904-02-08","Flórez Álvarez, Ester","Floralba","F","Colombia",NA,NA,"No",NA,"Español",NA,"Prosa Ficción",NA,NA,NA,7.2,"293-300"
"Hispania","355","Sus dos viudas","Año I. Vol I. Número 10","octubre 1 de 1912","1912-10-01","Hunt, Violet",NA,"F","Reino Unido","1862","1942","Sí","Anónimo","Español","Inglés","Prosa Ficción","Artes y letras",NA,NA,2.8,"323-326"
"Hispania","923","Pedagogía individual y social","Año III. Vol. III. Número 28","abril 1 de 1914","1914-04-01","Graa, Gertrud",NA,"F","Suiza",NA,"1942","No",NA,"Español",NA,"Prosa No Ficción","Artes y letras",NA,NA,0.9,"1018,102"
"Hispania","963","Los cuentos de hada de la educación","Año III. Vol. III. Número 29","mayo 1 de 1914","1914-05-01","Graa, Gertrud",NA,"F","Suiza",NA,"1942","No",NA,"Español",NA,"Prosa No Ficción","Estudios críticos",NA,NA,0.8,"1068,107"
"Hispania","975","Los arquitectos primordiales de la vida","Año III. Vol. III. Número 30","junio 1 de 1914","1914-06-01","Hume, Ethel Douglas","Ethel Douglas Hume","F","Reino Unido","1874","1950","Sí","Anónimo","Español","Inglés","Prosa No Ficción","Política francesa",NA,NA,2.8,"1089, 1090, 1092, 1094"
"La Revista","30","LA COPLA ANDALUZA","N° 1","Jueves 5 de febrero de 1925","1925-02-05","Prada Navarro, Gloria de la",NA,"F","España","1886","1951","No",NA,"Español",NA,"Poesía",NA,NA,NA,0.1,"12"
"La Revista","31","A LOS NIÑOS","N° 1","Jueves 5 de febrero de 1925","1925-02-05","Godoy Alcayaga, Lucila","Mistral, Gabriela","F","Chile","1889","1957","No",NA,"Español",NA,"Prosa Ficción",NA,NA,NA,0.1,"12"
"La Revista","35","LECTURAS INFANTILES","N° 1","Jueves 5 de febrero de 1925","1925-02-05","Carlo, Adelia di",NA,"F","Argentina","1883","1965","No",NA,"Español",NA,"Prosa Ficción",NA,NA,NA,0.2,"14"
"La Revista","114","ASPECTOS DE LA SENSIBILIDAD VISUAL EN LA POESIA DE JUAN RAMON JIMENEZ","N° 5","Jueves 5 de marzo de 1925","1925-03-05","Villa Echavarría, Ángela",NA,"F","Colombia","1899","1972","No",NA,"Español",NA,"Prosa No Ficción","Crítica",NA,NA,1.8,"10-11"
"La Revista","154","TRISTEZAS DE NIÑO","N° 7","Jueves 19 de marzo de 1925","1925-03-19","Jaramillo Gaitán, Uva",NA,"F","Colombia","1893","1945","No",NA,"Español",NA,"Prosa Ficción","Cuento",NA,NA,0.6,"7"
"La Revista","265","MI ORACIÓN AL AZAR","N° 11","Jueves 16 de abril de 1925","1925-04-16","Sansores y Pren, Rosario",NA,"F","México","1889","1972","No",NA,"Español",NA,"Poesía",NA,"López Gómez, Adel",NA,0.2,"7"
"La Revista","266","PORQUE LA VIDA ES CORTA….","N° 11","Jueves 16 de abril de 1925","1925-04-16","Sansores y Pren, Rosario",NA,"F","México","1889","1972","No",NA,"Español",NA,"Poesía",NA,NA,NA,0.2,"7"
"La Revista","267","NOVIA","N° 11","Jueves 16 de abril de 1925","1925-04-16","Sansores y Pren, Rosario",NA,"F","México","1889","1972","No",NA,"Español",NA,"Poesía",NA,NA,NA,0.2,"7"
"La Revista","292","AUTOBIOGRAFIA","N° 11","Jueves 16 de abril de 1925","1925-04-16","Godoy Alcayaga, Lucila","Mistral, Gabriela","F","Chile","1889","1957","No",NA,"Español",NA,"Prosa No Ficción",NA,NA,NA,0.5,"17"
"La Revista","360","Loutré","N° 14","Jueves 07 de mayo de 1925","1925-05-07","Tarleau, Lisa Ysaye",NA,"F","Estados Unidos","1878","1952","Sí","Anónimo","Español","Inglés","Prosa Ficción","Cuento",NA,NA,1.7,"10-11"
"La Revista","373","PIECECITOS","N° 14","Jueves 07 de mayo de 1925","1925-05-07","Godoy Alcayaga, Lucila","Mistral, Gabriela","F","Chile","1889","1957","No",NA,"Español",NA,"Poesía",NA,NA,NA,0.1,"15"
"La Revista","419","Loutré","N° 15","Jueves 14 de mayo de 1925","1925-05-14","Tarleau, Lisa Ysaye",NA,"F","Estados Unidos","1878","1952","Sí","Anónimo","Español","Inglés","Prosa Ficción",NA,NA,NA,1.6,"14-15"
"La Revista","451","Loutré","N° 16","Jueves 22 de mayo de 1925","1925-05-22","Tarleau, Lisa Ysaye",NA,"F","Estados Unidos","1878","1952","Sí","Anónimo","Español","Inglés","Prosa Ficción",NA,NA,NA,1.6,"10-11"
"La Revista","455","¡CHIST! MAMA ESTA DURMIENDO","N° 16","Jueves 22 de mayo de 1925","1925-05-22","Comert, Marguerite",NA,"F","Francia","1873","1964","Sí","Anónimo","Español","Francés","Prosa Ficción","Cuento",NA,NA,0.7,"14"
"La Revista","501","Loutré","N° 17","Jueves 28 de mayo de 1925","1925-05-28","Tarleau, Lisa Ysaye",NA,"F","Estados Unidos","1878","1952","Sí","Anónimo","Español","Inglés","Prosa Ficción",NA,NA,NA,1.6,"14-15"
"La Revista","550","Loutré","N° 18","Jueves 04 de junio de 1925","1925-06-04","Tarleau, Lisa Ysaye",NA,"F","Estados Unidos","1878","1952","Sí","Anónimo","Español","Inglés","Prosa Ficción",NA,NA,NA,1.5,"14-15"
"La Revista","586","Loutré","N° 19","Jueves 12 de junio de 1925","1925-06-12","Tarleau, Lisa Ysaye",NA,"F","Estados Unidos","1878","1952","Sí","Anónimo","Español","Inglés","Prosa Ficción",NA,NA,NA,2.1,"14-15, 18"
"La Revista","606","EL PRIMER PESAR","N° 20","Jueves 18 de junio de 1925","1925-06-18","Jaramillo Gaitán, Uva",NA,"F","Colombia","1893","1945","No",NA,"Español",NA,"Prosa Ficción","Cuento",NA,NA,1,"8"
"La Revista","620","Loutré","N° 20","Jueves 18 de junio de 1925","1925-06-18","Tarleau, Lisa Ysaye",NA,"F","Estados Unidos","1878","1952","Sí","Anónimo","Español","Inglés","Prosa Ficción",NA,NA,NA,1.6,"14-15, 18"
"La Revista","636","ARPEGIOS","N° 21","Jueves 25 de junio de 1925","1925-06-25","Jaramillo Gaitán, Uva",NA,"F","Colombia","1893","1945","No",NA,"Español",NA,"Prosa Ficción","Cuento",NA,NA,0.9,"6"
"La Revista","655","SILENCIO","N° 21","Jueves 25 de junio de 1925","1925-06-25","Ibarbourou, Juana de",NA,"F","Uruguay","1892","1979","No",NA,"Español",NA,"Poesía",NA,NA,NA,0.1,"14"
"La Revista","656","EL VENDEDOR AMBULANTE","N° 21","Jueves 25 de junio de 1925","1925-06-25","Ibarbourou, Juana de",NA,"F","Uruguay","1892","1979","No",NA,"Español",NA,"Poesía",NA,NA,NA,0.3,"14"
"La Revista","696","ELOGIO DE LA SOLEDAD","N° 22","Jueves 02 de julio de 1925","1925-07-02","Ibarbourou, Juana de",NA,"F","Uruguay","1892","1979","No",NA,"Español",NA,"Prosa Ficción",NA,NA,NA,0.4,"16-17"
"La Revista","737","UNA VISITA DE UVA JARAMILLO GAITAN A SALVADOR MESA NICHOLS","N° 24","Jueves 16 de julio de 1925","1925-07-16","Jaramillo Gaitán, Uva",NA,"F","Colombia","1893","1945","No",NA,"Español",NA,"Prosa No Ficción",NA,NA,NA,2.3,"6-7, 18"
"Lectura Amena","76","La noche buena del maestro (Impresión de navidad)","7","24 de diciembre de 1904","1904-12-24","Rios de Lamperez, Blanca de los",NA,"F","España","1859","1956","No",NA,"Español",NA,"Prosa Ficción",NA,NA,NA,5.5,"123-128"
"El Repertorio. Revista Mensual Ilustrada","150","El padre nuestro","6"," octubre de 1896","1896-10-01","Arenal, Concepción",NA,"F","España","1820","1893","No",NA,"Español",NA,"Poesía","Minucias",NA,NA,0.5,"199"
"Revista Gris","17","Señores Directores de la ""Revista Gris""-En la ciudad","2 Año I","noviembre 25 de 1892","1892-11-25","Montes del Valle, Agripina",NA,"F","Colombia","1844","1912","No",NA,"Español",NA,"Prosa No Ficción","Carta","Ponce Aguilera, Salomón; Grillo, Maximiliano",NA,1.2,"35-36"
"Revista Gris","257","Afra","7 Año II","julio de 1894","1894-07-01","Pardo Bazán, Emilia",NA,"F","España","1851","1921","No",NA,"Español",NA,"Prosa No Ficción",NA,NA,NA,3.8,"216-220"
"Revista Gris","296","El último Pijao","9 Año II","septiembre de 1894","1894-09-01","Montes del Valle, Agripina",NA,"F","Colombia","1844","1912","No",NA,"Español",NA,"Poesía","Poesía",NA,NA,2.5,"298-300"
"Revista Gris","326","La paloma negra","11 Año II","noviembre de 1894","1894-11-01","Pardo Bazán, Emilia",NA,"F","España","1851","1921","No",NA,"Español",NA,"Prosa Ficción",NA,NA,NA,3.4,"365-368"
"Revista Gris","344","Eterno amor","12 Año II","diciembre de 1894","1894-12-01","Montes del Valle, Agripina",NA,"F","Colombia","1844","1912","No",NA,"Español",NA,"Poesía",NA,NA,NA,1.6,"407-409"
"Revista Gris","360","El tesoro","1 Año III","enero de 1895","1895-01-01","Pardo Bazán, Emilia",NA,"F","España","1851","1921","No",NA,"Español",NA,"Prosa Ficción",NA,NA,NA,3.4,"24-27"
"Revista Literaria. Publicación Mensual","4","La mujer española en Santafé de Bogotá","1","mayo 15 de 1890","1890-05-15","Acosta de Samper, Soledad",NA,"F","Colombia","1833","1913","No",NA,"Español",NA,"Prosa No Ficción","Narración histórico-novelesca","Camacho Roldán, Salvador",NA,8,"41-49"
"Revista Literaria. Publicación Mensual","25","Traición y castigo","3","julio 20 de 1890","1890-07-20","Acosta de Samper, Soledad",NA,"F","Colombia","1833","1913","No",NA,"Español",NA,"Prosa Ficción",NA,NA,NA,8.3,"149-157"
"Revista Literaria. Publicación Mensual","96","Correspondencia literaria del Perú","9","enero 15 de 1891","1891-01-15","Cabello de Carbonera, Mercedes",NA,"F","Perú","1845","1909","No",NA,"Español",NA,"Prosa No Ficción","Correspondencia",NA,NA,8.7,"159-168"
"Revista Literaria. Publicación Mensual","135","Correspondencia literaria del Perú","12","abril 15 de 1891","1891-04-15","Cabello de Carbonera, Mercedes",NA,"F","Perú","1845","1909","No",NA,"Español",NA,"Prosa No Ficción","Correspondencia","Laverde Amaya, Isidoro",NA,6,"366-372"
"Revista Literaria. Publicación Mensual","183","Variedades. San José, albacea testamentario","16","agosto de 1891","1891-08-01","Böhl de Faber y Ruiz de Larrea, Cecilia","Fernán Caballero","F","España","1796","1877","No",NA,"Español",NA,"Prosa Ficción",NA,NA,NA,4,"277-280"
"Revista Literaria. Publicación Mensual","270","La señora Acosta de Samper","23","marzo de 1892","1892-03-01","Lambert, Suzanne","Levinck, Anne","F","Francia","1851","1898","Sí","Anónimo","Español","Francés","Prosa No Ficción",NA,NA,NA,2.7,"735-738"
"Revista Literaria. Publicación Mensual","274","Correspondencia de Europa","24","abril de 1892","1892-04-01","Acosta de Samper, Soledad",NA,"F","Colombia","1833","1913","No",NA,"Español",NA,"Prosa No Ficción","Correspondencia","Laverde Amaya, Isidoro",NA,8.5,"754-762"
"Revista Literaria. Publicación Mensual","295","A la luna","25","mayo de 1892","1892-05-01","Puga de Losada, Amalia",NA,"F","Perú","1866","1963","No",NA,"Español",NA,"Poesía","Poesía",NA,NA,0.4,"85"
"Revista Literaria. Publicación Mensual","374","A Colón","30","octubre 12 de 1892","1892-10-12","Antommarchi de Rojas, Dorila",NA,"F","Colombia","1850","1923","No",NA,"Español",NA,"Poesía",NA,NA,NA,1.5,"334-335"
"Revista Literaria. Publicación Mensual","376","A España","30","octubre 12 de 1892","1892-10-12","Antommarchi de Rojas, Dorila",NA,"F","Colombia","1850","1923","No",NA,"Español",NA,"Poesía","Soneto",NA,NA,0.5,"338-339"
"Revista Literaria. Publicación Mensual","403","Oh Luna!","33","diciembre de 1892","1892-12-01","Samper de Ancízar, Agripina","Pía Rigan","F","Colombia","1833","1892","No",NA,"Español",NA,"Poesía","Poesía",NA,NA,2,"496-498"
"Revista Literaria. Publicación Mensual","473","Cantares","39","julio de 1893","1893-07-01","Villamartín, Isabel de",NA,"F","España",NA,"1877","No",NA,"Español",NA,"Poesía",NA,NA,NA,0.7,"139"
"Revista Literaria. Publicación Mensual","484","La felicidad en la mujer","40","agosto de 1893","1893-08-01","Sinués de Marco, María del Pilar",NA,"F","España","1835","1893","No",NA,"Español",NA,"Prosa No Ficción",NA,NA,NA,5.4,"174-179"
"Revista Literaria. Publicación Mensual","620","Estudios morales [Fragmento de La beneficencia, la filantropia y la caridad]","54","octubre de 1894","1894-10-01","Arenal, Concepción",NA,"F","España","1820","1893","No",NA,"Español",NA,"Prosa No Ficción",NA,NA,NA,5.5,"201-206"
"Revista Moderna. (Enciclopedia colombiana)","6","Poema de una noche de amor","1","Tomo I Enero de 1915","1915-01-01","Serao, Matilde",NA,"F","Grecia","1856","1927","Sí","Revista Moderna","Español","Italiano","Prosa Ficción","Novela",NA,NA,18,"25-42"
"Revista Moderna. (Enciclopedia colombiana)","32","Poema de una noche de amor","2","Tomo I Febrero de 1915","1915-02-01","Serao, Matilde",NA,"F","Grecia","1856","1927","Sí","Revista Moderna","Español","Italiano","Prosa Ficción","Novela",NA,NA,19,"104-121"
"Revista Moderna. (Enciclopedia colombiana)","193","En China. El barbero","8","Tomo II Agosto de 1915","1915-08-01","Gautier, Judith",NA,"F","Francia","1845","1917","Sí","Revista Moderna","Español","Francés","Prosa Ficción","Prosas cortas",NA,NA,1.5,"161-162"
"Revista Moderna. (Enciclopedia colombiana)","194","En China. El mandarín","8","Tomo II Agosto de 1915","1915-08-01","Gautier, Judith",NA,"F","Francia","1845","1917","Sí","Revista Moderna","Español","Francés","Prosa Ficción","Prosas cortas",NA,NA,0.8,"162-163"
"Revista Moderna. (Enciclopedia colombiana)","545","Una visita a las trincheras del Ser","30","Tomo IV. Octubre 1 de 1916","1916-10-01","Yver, Colette",NA,"F","Francia","1874","1953","Sí","Sarmiento, Luis Alberto","Español","Francés","Prosa Ficción",NA,NA,NA,18,"252-269"
"Sábado Revista Semanal","9","Femeninas. La bola de la felicidad","2","14 de mayo de 1921","1921-05-14","Nieto de Cano, Paulina",NA,"F","Colombia","1891","1959","No",NA,"Español",NA,"Prosa No Ficción",NA,NA,NA,0.5,NA
"Sábado Revista Semanal","19","Los cuentos de ""Sábado"". De la vida: los felices","2","14 de mayo de 1921","1921-05-14","Quevedo de Cock, Lorenza",NA,"F","Colombia","1883","1975","No",NA,"Español",NA,"Prosa Ficción","Cuento",NA,NA,0.7,"14"
"Sábado Revista Semanal","4","Instintivo","6","11 de junio de 1921","1921-06-11","Pardo Bazán, Emilia","La condesa de Pardo Bazan","F","España","1851","1921","No",NA,"Español",NA,"Prosa Ficción","Cuento",NA,NA,2,"50-51-52"
"Sábado Revista Semanal","4","Tu nombre","7","18 de junio de 1921","1921-06-18","Storni, Alfonsina",NA,"F","Argentina","1892","1938","No",NA,"Español",NA,"Poesía",NA,NA,NA,0.5,"62-63"
"Sábado Revista Semanal","7","Versos de mujeres. Silencio","9","2 de julio de 1921","1921-07-02","Sabas Alomá, Mariblanca",NA,"F","Cuba","1901","1983","No",NA,"Español",NA,"Poesía",NA,NA,NA,0.2,"87"
"Sábado Revista Semanal","8","Versos de mujeres. Pecadora","9","2 de julio de 1921","1921-07-02","Sabas Alomá, Mariblanca",NA,"F","Cuba","1901","1983","No",NA,"Español",NA,"Poesía",NA,NA,NA,0.2,"87"
"Sábado Revista Semanal","14","Versos de mujeres. A mi poeta","17","27 de agosto de 1921","1921-08-27","Isaza de Jaramillo Meza, Blanca",NA,"F","Colombia","1898","1967","No",NA,"Español",NA,"Poesía",NA,"(Original para Sábado)",NA,0.5,"188"
"Sábado Revista Semanal","12","Hora divina","19","10 de septiembre de 1921","1921-09-10","Flórez Fernandez, Paz",NA,"F","Colombia","1898","1957","No",NA,"Español",NA,"Poesía",NA,NA,NA,0.2,"211"
"Sábado Revista Semanal","11","Los cuentos de ""Sábado"". De la montaña","20","17 de septiembre de 1921","1921-09-17","Isaza de Jaramillo Meza, Blanca",NA,"F","Colombia","1898","1967","No",NA,"Español",NA,"Prosa Ficción","Cuento","(Original para Sábado)",NA,1.2,"222-223"
"Sábado Revista Semanal","17","Nuestro Concurso de Literatura Femenina. Informe del jurado calificador.","24","15 de octubre de 1921","1921-10-15","Quevedo de Cock, Lorenza",NA,"F","Colombia","1883","1975","No",NA,"Español",NA,"Prosa No Ficción",NA,NA,NA,1,"268-269"
"Sábado Revista Semanal","22","La ciega","24","15 de octubre de 1921","1921-10-15","Angulo J., Enriqueta",NA,"F","Colombia",NA,NA,"No",NA,"Español",NA,"Prosa Ficción","Cuento",NA,NA,1.7,"270-271"
"Sábado Revista Semanal","24","Ilusiones","24","15 de octubre de 1921","1921-10-15","Ospina de Navarro, Sofía",NA,"F","Colombia","1893","1974","No",NA,"Español",NA,"Prosa Ficción",NA,NA,NA,1,"271-272"
"Sábado Revista Semanal","5","De nuestro concurso. La herencia","25","22 de octubre de 1921","1921-10-22","Isaza de Jaramillo Meza, Blanca",NA,"F","Colombia","1898","1967","No",NA,"Español",NA,"Prosa Ficción",NA,NA,NA,1.5,"282-283"
"Sábado Revista Semanal","24","Opiniones","26","29 de octubre de 1921","1921-10-29","Quevedo de Cock, Lorenza",NA,"F","Colombia","1883","1975","No",NA,"Español",NA,"Prosa No Ficción",NA,NA,NA,0.5,"309-310"
"Sábado Revista Semanal","25","¡Pobrecita!","34","18 de febrero de 1922","1922-02-18","Angulo J., Enriqueta",NA,"F","Colombia",NA,NA,"No",NA,"Español",NA,"Poesía",NA,"(Para Lucía)",NA,0.2,"404"
"Sábado Revista Semanal","30","La quinta de Bolívar","34","18 de febrero de 1922","1922-02-18","Gómez Henao, Graciela",NA,"F","Colombia",NA,NA,"No",NA,"Español",NA,"Poesía",NA,NA,NA,0.5,"405-406"
"Sábado Revista Semanal","30","Selección. La mariposa; El trigo","35","25 de febrero de 1922","1922-02-25","Fernández Morales, Juanita","Juana de Ibarbourou","F","Uruguay","1892","1979","No",NA,"Español",NA,"Poesía",NA,NA,NA,0.2,"418"
"Sábado Revista Semanal","19","Conveniencias...","37","11 de marzo de 1922","1922-03-11","Ospina de Navarro, Sofía",NA,"F","Colombia","1893","1974","No",NA,"Español",NA,"Prosa Ficción",NA,NA,NA,1.5,"438-439"
"Sábado Revista Semanal","28","La educación de las hijas","37","11 de marzo de 1922","1922-03-11","Majocch, María P.",NA,"F","Italia","1864","1917","No",NA,"Español",NA,"Prosa No Ficción",NA,NA,NA,0.5,"440-441"
"Sábado Revista Semanal","26","A Manizales","38","18 de marzo de 1922","1922-03-18","Isaza de Jaramillo Meza, Blanca",NA,"F","Colombia","1898","1967","No",NA,"Español",NA,"Poesía",NA,NA,NA,0.2,"453"
"Sábado Revista Semanal","27","Mariposa negra","38","18 de marzo de 1922","1922-03-18","María Enriqueta",NA,"F","México","1872","1968","No",NA,"Español",NA,"Poesía",NA,NA,NA,0.2,"454"
"Sábado Revista Semanal","5","El placer de servir","39","25 de marzo de 1922","1922-03-25","Godoy Alcayaga, Lucila","Gabriela Mistral","F","Chile","1889","1957","No",NA,"Español",NA,"Poesía",NA,NA,NA,0.2,"456"
"Sábado Revista Semanal","20","Selva","40","1 de abril de 1922","1922-04-01","Fernández Morales, Juanita","Juana de Ibarbourou","F","Uruguay","1892","1979","No",NA,"Español",NA,"Poesía",NA,NA,NA,0.2,"477"
"Sábado Revista Semanal","8","La lampara","41","8 de abril de 1922","1922-04-08","Godoy Alcayaga, Lucila","Gabriela Mistral","F","Chile","1889","1957","No",NA,"Español",NA,"Poesía",NA,NA,NA,0.2,"482"
"Sábado Revista Semanal","23","Elvira Contreras Daza","44","6 de mayo de 1922","1922-05-06","Angulo J., Enriqueta",NA,"F","Colombia",NA,NA,"No",NA,"Español",NA,"Prosa No Ficción",NA,NA,NA,0.2,"529"
"Sábado Revista Semanal","25","María Carreras","45","13 de mayo de 1922","1922-05-13","Godoy Alcayaga, Lucila","Gabriela Mistral","F","Chile","1889","1957","No",NA,"Español",NA,"Prosa No Ficción",NA,NA,NA,0.5,"540"
"Sábado Revista Semanal","15","Un tipo de la tierra. La pobre vergonzante","51","24 de junio de 1922","1922-06-24","Gómez Henao, Graciela",NA,"F","Colombia",NA,NA,"No",NA,"Español",NA,"Prosa Ficción",NA,NA,NA,1.2,"620-621"
"Sábado Revista Semanal","9","Un tipo de la tierra. El limpiabotas","52","1 de julio de 1922","1922-07-01","Isaza de Jaramillo Meza, Blanca",NA,"F","Colombia","1898","1967","No",NA,"Español",NA,"Prosa Ficción",NA,NA,NA,1.2,"628-629"
"Sábado Revista Semanal","11","Juegos de los niños","52","1 de julio de 1922","1922-07-01","Galindo, Beatriz",NA,"F","España","1465","1535","No",NA,"Español",NA,"Prosa No Ficción",NA,NA,NA,1.2,"629-630"
"Sábado Revista Semanal","17","Presentimiento","54","15 de julio de 1922","1922-07-15","Ospina de Navarro, Sofía",NA,"F","Colombia","1893","1974","No",NA,"Español",NA,"Prosa Ficción",NA,NA,NA,0.2,"658"
"Sábado Revista Semanal","14","Un tipo de la tierra. El limpiabotas","59","19 de agosto de 1922","1922-08-19","Gómez Henao, Graciela",NA,"F","Colombia",NA,NA,"No",NA,"Español",NA,"Prosa Ficción",NA,NA,NA,1.2,"714-715"
"Sábado Revista Semanal","15","La corrida de toros","64","23 de septiembre de 1922","1922-09-23","Gómez Henao, Graciela",NA,"F","Colombia",NA,NA,"No",NA,"Español",NA,"Poesía",NA,NA,NA,0.5,"779"
"Sábado Revista Semanal","19","Algo sobre las modernas escuelas de pintura","67","14 de octubre de 1922","1922-10-14","Arango Jaramillo, Adelfa",NA,"F","Colombia",NA,NA,"No",NA,"Español",NA,"Prosa No Ficción",NA,NA,NA,0.7,"814-815"
"Sábado Revista Semanal","27","Algo sobre las modernas escuelas de pintura","68","21 de octubre de 1922","1922-10-21","Arango Jaramillo, Adelfa",NA,"F","Colombia",NA,NA,"No",NA,"Español",NA,"Prosa No Ficción",NA,NA,NA,1.2,"827-828"
"Sábado Revista Semanal","16","Algo sobre las modernas escuelas de pintura","69","28 de octubre de 1922","1922-10-28","Arango Jaramillo, Adelfa",NA,"F","Colombia",NA,NA,"No",NA,"Español",NA,"Prosa No Ficción",NA,NA,NA,0.7,"837-838"
"Sábado Revista Semanal","23","La moda","69","28 de octubre de 1922","1922-10-28","Jarque, Aurora L. de",NA,"F","Colombia",NA,NA,"No",NA,"Español",NA,"Prosa No Ficción",NA,NA,NA,0.5,"839"
"Sábado Revista Semanal","11","A mi hijo Omar","70","4 de noviembre de 1922","1922-11-04","Isaza de Jaramillo Meza, Blanca",NA,"F","Colombia","1898","1967","No",NA,"Español",NA,"Poesía",NA,"(Original para Sábado)",NA,0.2,"845"
"Sábado Revista Semanal","17","Algo sobre las modernas escuelas de pintura","70","4 de noviembre de 1922","1922-11-04","Arango Jaramillo, Adelfa",NA,"F","Colombia",NA,NA,"No",NA,"Español",NA,"Prosa No Ficción",NA,NA,NA,0.7,"850-851"
"Sábado Revista Semanal","19","La moda","70","4 de noviembre de 1922","1922-11-04","Jarque, Aurora L. de",NA,"F","Colombia",NA,NA,"No",NA,"Español",NA,"Prosa No Ficción",NA,NA,NA,1.5,"851-852"
"Sábado Revista Semanal","20",NA,"70","4 de noviembre de 1922","1922-11-04","Jarque, Aurora L. de",NA,"F","Colombia",NA,NA,"No",NA,NA,NA,"Imagen",NA,NA,NA,0.5,"852"
"Sábado Revista Semanal","7","La Exposición de Arte Francés en Medellín, y las modernas escuelas de pintura","71","11 de noviembre de 1922","1922-11-11","Arango Jaramillo, Adelfa",NA,"F","Colombia",NA,NA,"No",NA,"Español",NA,"Prosa No Ficción",NA,NA,NA,1.7,"856-857"
"Sábado Revista Semanal","10",NA,"71","11 de noviembre de 1922","1922-11-11","Jarque, Aurora L. de",NA,"F","Colombia",NA,NA,"No",NA,NA,NA,"Imagen",NA,NA,NA,0.2,"858"
"Sábado Revista Semanal","3","La Exposición de Arte Francés en Medellín, y las modernas escuelas de pintura","72","18 de noviembre de 1922","1922-11-18","Arango Jaramillo, Adelfa",NA,"F","Colombia",NA,NA,"No",NA,"Español",NA,"Prosa No Ficción",NA,NA,NA,1.7,"865-866"
"Sábado Revista Semanal","17","La suerte","72","18 de noviembre de 1922","1922-11-18","Fernández Morales, Juanita","Juana de Ibarbourou","F","Uruguay","1892","1979","No",NA,"Español",NA,"Prosa Ficción",NA,NA,NA,0.5,"873-874"
"Sábado Revista Semanal","20","La moda","72","18 de noviembre de 1922","1922-11-18","Jarque, Aurora L. de",NA,"F","Colombia",NA,NA,"No",NA,"Español",NA,"Prosa No Ficción",NA,NA,NA,1.5,"874-875-876"
"Sábado Revista Semanal","21",NA,"72","18 de noviembre de 1922","1922-11-18","Jarque, Aurora L. de",NA,"F","Colombia",NA,NA,"No",NA,NA,NA,"Imagen",NA,NA,NA,0.5,"876"
"Sábado Revista Semanal","21","La moda","73","25 de noviembre de 1922","1922-11-25","Jarque, Aurora L. de",NA,"F","Colombia",NA,NA,"No",NA,"Español",NA,"Prosa No Ficción",NA,NA,NA,1.7,"887-888"
"Sábado Revista Semanal","22",NA,"73","25 de noviembre de 1922","1922-11-25","Jarque, Aurora L. de",NA,"F","Colombia",NA,NA,"No",NA,NA,NA,"Imagen",NA,NA,NA,0.5,"888"
"Sábado Revista Semanal","19","La moda","74","2 de diciembre de 1922","1922-12-02","Jarque, Aurora L. de",NA,"F","Colombia",NA,NA,"No",NA,"Español",NA,"Prosa No Ficción",NA,NA,NA,1.2,"899-900"
"Sábado Revista Semanal","20",NA,"74","2 de diciembre de 1922","1922-12-02","Jarque, Aurora L. de",NA,"F","Colombia",NA,NA,"No",NA,NA,NA,"Imagen",NA,NA,NA,0.5,"900"
"Sábado Revista Semanal","8","Poemas del cuerpo humano","75","9 de diciembre de 1922","1922-12-09","Godoy Alcayaga, Lucila","Gabriela Mistral","F","Chile","1889","1957","No",NA,"Español",NA,"Poesía",NA,NA,NA,1.2,"905-906"
"Sábado Revista Semanal","10","Los cuentos de ""Sábado"". En la fragua","75","9 de diciembre de 1922","1922-12-09","Jaramillo Gaitán, Uva",NA,"F","Colombia","1893","1945","No",NA,"Español",NA,"Prosa Ficción","Cuento",NA,NA,2.5,"906-907-908"
"Sábado Revista Semanal","5","El cofre","76","16 de diciembre de 1922","1922-12-16","Fernández Morales, Juanita","Juana de Ibarbourou","F","Uruguay","1892","1979","No",NA,"Español",NA,"Prosa Ficción",NA,NA,NA,1.2,"914-915"
"Sábado Revista Semanal","11","Así dijo el Agua...","76","16 de diciembre de 1922","1922-12-16","María Enriqueta",NA,"F","México","1872","1968","No",NA,"Español",NA,"Poesía",NA,NA,NA,0.2,"920"
"Sábado Revista Semanal","18","La moda","76","16 de diciembre de 1922","1922-12-16","Jarque, Aurora L. de",NA,"F","Colombia",NA,NA,"No",NA,"Español",NA,"Prosa No Ficción",NA,NA,NA,1.2,"923-924"
"Sábado Revista Semanal","19",NA,"76","16 de diciembre de 1922","1922-12-16","Jarque, Aurora L. de",NA,"F","Colombia",NA,NA,"No",NA,NA,NA,"Imagen",NA,NA,NA,0.5,"923"
"Sábado Revista Semanal","7","Cuento de estrellas","77","23 de diciembre de 1922","1922-12-23","Gómez Henao, Graciela",NA,"F","Colombia",NA,NA,"No",NA,"Español",NA,"Prosa Ficción","Cuento","(De A. Daudet)",NA,2.2,"926-927-928"
"Sábado Revista Semanal","15","De revistas","79","27 de enero de 1923","1923-01-27","Arango Jaramillo, Adelfa",NA,"F","Colombia",NA,NA,"No",NA,"Español",NA,"Prosa No Ficción",NA,"(Para Sábado)",NA,0.5,"962"
"Sábado Revista Semanal","10","Estrellas","80","3 de febrero de 1923","1923-02-03","Fernández Morales, Juanita","Juana de Ibarbourou","F","Uruguay","1892","1979","No",NA,"Español",NA,"Poesía",NA,NA,NA,0.2,"969"
"Sábado Revista Semanal","24","El asilo de ancianos","80","3 de febrero de 1923","1923-02-03","Gómez Henao, Graciela",NA,"F","Colombia",NA,NA,"No",NA,"Español",NA,"Prosa No Ficción",NA,NA,NA,0.5,"975"
"Sábado Revista Semanal","9","Canciones del hogar","83","24 de febrero de 1923","1923-02-24","Isaza de Jaramillo Meza, Blanca",NA,"F","Colombia","1898","1967","No",NA,"Español",NA,"Poesía",NA,"(A mi poeta)",NA,0.2,"1003"
"Sábado Revista Semanal","16","Fresco","84","3 de marzo de 1923","1923-03-03","Arango Jaramillo, Adelfa",NA,"F","Colombia",NA,NA,"No",NA,"Español",NA,"Prosa No Ficción",NA,"(Para Sábado)",NA,1.2,"1020-1021"
"Sábado Revista Semanal","25","Selección","84","3 de marzo de 1923","1923-03-03","Godoy Alcayaga, Lucila","Gabriela Mistral","F","Chile","1889","1957","No",NA,"Español",NA,"Poesía",NA,NA,NA,0.2,"1024"
"Sábado Revista Semanal","7","Fresco","85","10 de marzo de 1923","1923-03-10","Arango Jaramillo, Adelfa",NA,"F","Colombia",NA,NA,"No",NA,"Español",NA,"Prosa No Ficción",NA,"(Para Sábado)",NA,2,"1027-1028-1029"
"Sábado Revista Semanal","10","Querella infantil","86","17 de marzo de 1923","1923-03-17","Jaramillo Gaitán, Uva",NA,"F","Colombia","1893","1945","No",NA,"Español",NA,"Prosa Ficción",NA,NA,NA,0.7,"1040-1041"
"Sábado Revista Semanal","14","La incomprensión","86","17 de marzo de 1923","1923-03-17","Godoy Alcayaga, Lucila","Gabriela Mistral","F","Chile","1889","1957","No",NA,"Español",NA,"Poesía",NA,NA,NA,0.2,"1045"
"Sábado Revista Semanal","8","En Nazareth","87","24 de marzo de 1923","1923-03-24","Lagerlöf, Selma",NA,"F","Suecia","1858","1940","Sí","Anónimo","Español","Sueco","Prosa Ficción",NA,"(Traducción para Sábado)",NA,1.2,"1052-1053"
"Sábado Revista Semanal","7","Sepamos vivir!","92","5 de mayo de 1923","1923-05-05","Ospina de Navarro, Sofía",NA,"F","Colombia","1893","1974","No",NA,"Español",NA,"Prosa No Ficción",NA,NA,NA,1,"1111-1112"
"Sábado Revista Semanal","16","Tut-Ankh-Amen","93","12 de mayo de 1923","1923-05-12","Arango Jaramillo, Adelfa",NA,"F","Colombia",NA,NA,"No",NA,"Español",NA,"Prosa No Ficción",NA,"(Para Sábado)",NA,1.5,"1127-1128-1129"
"Sábado Revista Semanal","6","Nuevo arte de los franceses independientes","96","2 de junio de 1923","1923-06-02","Arango Jaramillo, Adelfa",NA,"F","Colombia",NA,NA,"No",NA,"Español",NA,"Prosa No Ficción",NA,NA,NA,1.7,"1159-1160-1161"
"Sábado Revista Semanal","48","La suerte enterita","100","7 de julio de 1923","1923-07-07","Gómez Henao, Graciela",NA,"F","Colombia",NA,NA,"No",NA,"Español",NA,"Prosa No Ficción",NA,NA,NA,0.7,"1226-1227"
"Trofeos","58","Canción sin palabras","3","1 de noviembre de 1906","1906-11-01","Flórez Álvarez, Ester","Floralba","F","Colombia",NA,NA,"No",NA,"Español",NA,"Poesía",NA,NA,NA,0.5,"70"
